shop,pref,ward,stations,genre,genres,tabelog_score,awards,feature,source_url,closed_days,lines
家系総本山 吉村家,神奈川県,横浜中心部,横浜中心部・横浜駅,家系,家系,4.1,,横浜家系の総本山・全国区、西口5分,https://tabelog.com/ramen/kanagawa/A1401/A140101/rank,,JR・東急・京急・相鉄・市営地下鉄・みなとみらい線
中華蕎麦 とみ田,千葉県,松戸・柏,松戸・柏・松戸駅,つけ麺・ラーメン,つけ麺,4.07,百名店,全国区の濃厚魚介豚骨つけ麺、早朝整理券の超有名店、東口4分,https://tabelog.com/chiba/A1203/A120302/12000422,,JR常磐線 / 新京成線
Homemade Ramen 麦苗,東京都,大田区,大田区・大森駅,醤油（無化調・自家製麺）,醤油・中華そば,4.03,ビブグルマン,全国区の行列名店、丸鶏・魚介・昆布の繊細スープ,https://tabelog.com/tokyo/A1315/A131502/R1901/rstLst/ramen,,JR京浜東北 / 京急本線
中華そば しば田,東京都(多摩),調布・府中・狛江,調布・府中・狛江・狛江駅 / 和泉多摩川駅,淡麗〜濃いめ醤油中華そば,醤油・中華そば,3.98,,2024年9月仙川から移転、狛江北口1分・日/第1・3月休,https://tabelog.com/tokyo/A1326/A132603/13300645,Mon,小田急線
銀座 八五,東京都,中央区,中央区・新富町駅,醤油（出汁100%・タレ無し）,醤油・中華そば,3.96,ビブグルマン;百名店,ミシュランビブグルマン7年連続＋百名店2025。区内最高評価級（新富町最寄り）,https://tabelog.com/tokyo/A1301/A130101/13228602,,有楽町線 / JR京葉線・日比谷線
宍道湖しじみ中華蕎麦 琥珀 東京本店,東京都,大田区,大田区・雑色駅,しじみ貝出汁（塩）,貝・魚介系/塩,3.96,ビブグルマン;百名店,宍道湖産しじみのコハク酸が滋味、完全予約制／駅5分,https://tabelog.com/tokyo/A1315/A131503/13234195,,京急本線
ジャパニーズ ラーメン 五感,東京都,豊島区,豊島区・池袋駅,醤油（地鶏・貝）,貝・魚介系/醤油・中華そば,3.96,ビブグルマン,エリア1位、ビブグルマン。※完全予約制で来店ハードル高め,https://tabelog.com/tokyo/A1305/A130501/13284009,,JR各線 / 丸ノ内・有楽町・副都心線
食堂 たいちゃん,東京都,葛飾区,葛飾区・柴又駅,タンメン中心,ご当地・地域系,3.94,,2023年開業、味噌タンメン・担々麺／柴又1分,https://tabelog.com/tokyo/A1324/A132403/13288591,,京成金町線 / 京成金町線
饗 くろ喜（もてなし くろき）,東京都,台東区,台東区・浅草橋駅,塩そば中心,塩,3.91,,繊細な和風塩、細麺／手揉み麺選択。区内最高評価,https://tabelog.com/tokyo/A1311/A131103/13290780,,JR総武線 / 都営浅草線
奈つやの中華そば,東京都,大田区,大田区・下丸子駅・鵜の木駅,煮干醤油 中華そば,煮干し/醤油・中華そば,3.91,,もちもち雲呑・燻製チャーシュー、オンライン順番待ち制／下丸子・鵜の木,https://tabelog.com/tokyo/A1317/A131716/13293385,,東急多摩川線
入鹿TOKYO（IRUCA TOKYO）,東京都,港区,港区・六本木駅,鶏・魚介,貝・魚介系,3.89,百名店,港区最高水準の洗練系、百名店／7番出口2分,https://tabelog.com/tokyo/A1307/A130701/13264260,,日比谷線 / 都営大江戸線 / 南北線
3931WORKS.,埼玉県,越谷・草加・春日部,越谷・草加・春日部・一ノ割駅,ラーメン・つけ麺,つけ麺,3.88,百名店,栃木の名店出身夫婦、昆布水つけ麺が看板、駅2分,https://tabelog.com/saitama/A1102/A110204/11064224,,東武スカイツリーライン
らーめん MAIKAGURA,東京都,世田谷区,世田谷区・千歳船橋駅,鶏白湯・淡麗,鶏白湯,3.87,百名店,鶏と水のみのクリーミー鶏白湯＋自家製麺／月休,https://tabelog.com/ramen/tokyo/A1318/A131813/rank,Mon,小田急
創作麺工房 鳴龍（NAKIRYU）,東京都,文京区,文京区・新大塚駅 / 豊島区・新大塚駅,担々麺・醤油,担々麺・四川・麻婆/醤油・中華そば,3.87,ミシュラン星;百名店,ミシュラン一つ星、9時間炊くスープ／北口5分,https://tabelog.com/tokyo/A1323/A132302/13141302,,丸ノ内線 / 東京メトロ丸ノ内線
燦燦斗（さんさんと）,東京都,北区,北区・東十条駅,豚骨魚介Wスープ,豚骨・博多/貝・魚介系,3.86,百名店,1日2.5時間営業の超人気店／中十条,https://tabelog.com/tokyo/A1323/A132304/13038064,,JR京浜東北
Tokyo Style Noodle ほたて日和,東京都,千代田区,千代田区・秋葉原駅,つけ麺・まぜそば（帆立）,つけ麺/貝・魚介系/油そば・まぜそば・汁なし,3.86,,帆立出汁の個性派、エリア最上位,https://tabelog.com/ramen/tokyo/A1310/A131001/rank,,JR山手・京浜東北・総武線 / 日比谷線
中華そば 多賀野,東京都,品川区,品川区・中延駅 / 品川区・荏原中延駅,中華そば・つけ麺,つけ麺/醤油・中華そば,3.86,百名店,百名店2025（8年連続）。荏原中延1分／中延からも徒歩圏,https://tabelog.com/tokyo/A1317/A131712/13003421,,都営浅草線 / 東急大井町線 / 東急池上線
手打ち 蓮,東京都,墨田区,墨田区・両国駅,手打ち醤油中華そば,醤油・中華そば,3.86,,手打ち手揉み麺、エリア最高評価（両国/森下）,https://tabelog.com/tokyo/A1312/A131201/13278390,,JR総武線 / 都営大江戸線
味噌っ子 ふっく,東京都,杉並区,杉並区・荻窪駅,味噌,味噌,3.86,百名店,濃厚だが後味すっきり、行列必至,https://tabelog.com/tokyo/A1319/A131906/13226777,,JR中央・総武線 / 丸ノ内線
Ramen Break Beats,東京都,目黒区,目黒区・祐天寺駅,塩ラーメン・塩つけ麺,つけ麺/塩,3.86,ビブグルマン;百名店,ミネラル感あるクリアな塩、完全予約制／エリア最高,https://tabelog.com/tokyo/A1317/A131701/13267329,,東急東横線
入鹿TOKYO（IRUCA-Tokyo-）,東京都(多摩),西東京・小平・東久留米・東村山・清瀬,西東京・小平・東久留米・東村山・清瀬・東久留米駅,鶏清湯（柚子塩・醤油塩）,塩/醤油・中華そば,3.86,百名店,麗しい鶏清湯、東久留米1位、西口2分（店内飲食は限定的・要確認）,https://tabelog.com/tokyo/A1328/A132802/13234223,,西武池袋線
支那ソバ 小むろ,千葉県,市川・浦安,市川・浦安・行徳駅 / 南行徳駅 / 妙典駅,醤油・塩・ワンタンメン,ワンタン麺/塩/醤油・中華そば/ご当地・地域系,3.84,百名店,塩ワンタンメンが名物の行列店、市川市最高点、行徳5分・〜16時・火休,https://tabelog.com/chiba/A1202/A120202/12035648,Tue,東京メトロ東西線
麺 みつヰ（みつい）,東京都,台東区,台東区・浅草駅,醤油・自家製麺,醤油・中華そば,3.84,ビブグルマン;百名店,無添加・多加水自家製麺（最寄りは田原町）,https://tabelog.com/tokyo/A1311/A131102/13284327,,銀座線 / 都営浅草線
麺 みつヰ,東京都,台東区,台東区・田原町駅,醤油・自家製麺,醤油・中華そば,3.84,ビブグルマン;百名店,田原町駅至近（浅草から移転後ここが最寄り）,https://tabelog.com/tokyo/A1311/A131102/13284327,,銀座線
自家製中華そば としおか,東京都,新宿区,新宿区・早稲田駅,醤油（中華そば）,醤油・中華そば,3.84,百名店,早稲田を代表する正統派中華そば,https://tabelog.com/ramen/tokyo/A1305/A130504/rank,,東京メトロ東西線
手打ち 陰日向（かげひなた）,東京都(多摩),調布・府中・狛江,調布・府中・狛江・分倍河原駅,手打ち極太・生姜醤油,醤油・中華そば,3.84,百名店,川崎「日陰」出身、駅6〜7分,https://tabelog.com/tokyo/A1326/A132602/13297403,,京王線・JR南武線 / JR南武・武蔵野線
麺処 懐や（ふところや）,神奈川県,川崎市北部,川崎市北部・鷺沼駅,淡麗系,その他・創作,3.84,百名店,中村屋出身、駅2分、北部最高評価。8年連続百名店・ミシュラン掲載歴,https://tabelog.com/kanagawa/A1405/A140507/14049709,,東急田園都市線
濃麺 海月（こいめん くらげ）,千葉県,千葉市,千葉市・東千葉駅,煮干し・鶏白湯,煮干し/鶏白湯,3.83,百名店,EAST百名店常連の超人気店、駅5分（営業不定期・要確認）,https://tabelog.com/chiba/A1201/A120101/12033982,,JR総武本線
麺処 ほん田 秋葉原本店,東京都,千代田区,千代田区・秋葉原駅,醤油・つけ麺,つけ麺/醤油・中華そば,3.83,百名店,特製醤油そばで連日行列の業界カリスマ店,https://tabelog.com/tokyo/A1310/A131001/13246285,,JR山手・京浜東北・総武線 / 日比谷線
創作麺 ひとすじ,東京都,杉並区,杉並区・方南町駅,煮干し醤油・担々麺,煮干し/担々麺・四川・麻婆/醤油・中華そば,3.83,百名店,駅2分、2025年2月開業・6席の話題店,https://tabelog.com/tokyo/A1319/A131903/13305924,,丸ノ内線 方南支線
塩そば 時空,東京都,杉並区,杉並区・高井戸駅,塩そば,塩,3.83,ビブグルマン;百名店,「高井戸製麺所」併設、塩の完成形／駅11分,https://tabelog.com/tokyo/A1318/A131806/R5716/rstLst/ramen,,京王井の頭線
支那ソバ おさだ,東京都,板橋区,板橋区・大山駅,清湯醤油（ワンタン麺）,ワンタン麺/醤油・中華そば,3.83,百名店,「かづ屋」出身、煮干し＋動物系の清湯／駅174m,https://tabelog.com/tokyo/A1322/A132203/13266841,,東武東上線
らーめん3000,東京都,豊島区,豊島区・駒込駅,ラーメン,その他・創作,3.83,,駒込トップの評価,https://tabelog.com/tokyo/A1323/A132301/13308596,,JR山手線 / 東京メトロ南北線
元祖スタミナ満点らーめん すず鬼,東京都(多摩),吉祥寺・三鷹・小金井,吉祥寺・三鷹・小金井・三鷹駅,ラーメン,その他・創作,3.83,,三毛作営業の話題店、濃厚スタミナ系、エリア最高評価,https://tabelog.com/ramen/tokyo/A1320/A132002/rank,,JR中央・総武線
一番いちばん,東京都(多摩),町田,町田・町田駅,白河系手打ち中華そば,醤油・中華そば/ご当地・地域系,3.83,百名店,「とら食堂」系譜の手打ち麺＋端正な醤油、町田1位、小田急町田10分,https://tabelog.com/tokyo/A1327/A132701/13001469,,JR横浜線 / 小田急小田原線
ラーメン二郎 横浜関内店,神奈川県,横浜中心部,横浜中心部,二郎系,二郎・二郎系,3.83,百名店,関内エリア1位、汁なしも人気,https://tabelog.com/ramen/kanagawa/A1401/A140104/rank,,
味噌ラーメン 雪ぐに,神奈川県,横浜南西部,横浜南西部・中田駅,味噌,味噌,3.83,百名店,新潟・妙高のこだわり味噌、泉区トップ、水休（中田）,https://tabelog.com/kanagawa/A1401/A140304/14082640,Wed,ブルーライン / 相鉄いずみ野線
中華そば 西川,東京都,世田谷区,世田谷区・千歳船橋駅,煮干し・醤油中華そば,煮干し/醤油・中華そば,3.82,百名店,醤油・塩・鶏白湯いずれも高品質,https://tabelog.com/ramen/tokyo/A1318/A131813/rank,,小田急
燎（かがりび）,東京都,中央区,中央区・新富町駅,ラーメン,その他・創作,3.82,百名店,百名店2025、全方位ハイレベル（新富町〜八丁堀）,https://tabelog.com/tokyo/A1313/A131301/13296303,,有楽町線 / JR京葉線・日比谷線
MENSHO,東京都,文京区,文京区・護国寺駅,創作,その他・創作,3.82,百名店,庄野智治氏のフラッグシップ、雑味のない重層スープ,https://tabelog.com/tokyo/A1323/A132302/R3966/rstLst/ramen,,有楽町線
RAMEN MATSUI,東京都,新宿区,新宿区・新宿御苑前駅,ラーメン（完全予約制）,その他・創作,3.82,百名店,エリア最高点,https://tabelog.com/ramen/tokyo/A1304/A130402/rank,,丸ノ内線
だしと麺 遊泳,東京都,杉並区,杉並区・東高円寺駅,油そば・和出汁ラーメン,油そば・まぜそば・汁なし,3.82,百名店,うどん級の超極太手打ち麺×和出汁,https://tabelog.com/tokyo/A1319/A131904/13287534,,丸ノ内線
らぁ麺 すぎ本,神奈川県,横浜北部,横浜北部・青葉台駅,醤油・淡麗,醤油・中華そば,3.82,百名店,横浜北部トップ級、上品な醤油らぁ麺,https://tabelog.com/kanagawa/A1401/A140202/14080372,,東急田園都市線
麺処 秋もと,神奈川県,横浜北部,横浜北部・市が尾駅,醤油・つけ麺,つけ麺/醤油・中華そば,3.82,百名店,鰹醤油つけ麺、エリア最高評価（市が尾、火水休）,https://tabelog.com/kanagawa/A1401/A140201/14086053,Tue;Wed,東急田園都市線 / 東急田園都市線
らーめん森や。,神奈川県,横浜南西部,横浜南西部・本郷台駅,ラーメン,その他・創作,3.82,百名店,エリア1位の実力店,https://tabelog.com/ramen/kanagawa/A1401/A140309/rank,,JR根岸線
らーめん かねかつ,埼玉県,さいたま市,さいたま市・北浦和駅,濃厚豚骨醤油,豚骨・博多/醤油・中華そば,3.81,百名店,浦和区エリア最高峰、北浦和駅至近,https://tabelog.com/ramen/saitama/A1101/A110102/rank,,JR京浜東北線
えーちゃん食堂,東京都,品川区,品川区・目黒駅,ラーメン,その他・創作,3.81,百名店,百名店2025,https://tabelog.com/ramen/tokyo/A1316/A131601/rank,,JR山手 / 南北・三田線
一条流がんこ総本家分家 四谷荒木町,東京都,新宿区,新宿区・曙橋駅,醤油（ガツン系）,醤油・中華そば,3.81,百名店,1983年創業の伝説的店、連日行列,https://tabelog.com/ramen/tokyo/A1309/A130903/rank,,都営新宿線 / 丸ノ内線
中華ソバ 伊吹,東京都,板橋区,板橋区・志村坂上駅,濃厚煮干し中華そば,煮干し/醤油・中華そば,3.81,百名店,「東京濃厚煮干のキング」、都内屈指／駅6分,https://tabelog.com/tokyo/A1322/A132205/13163874,,都営三田線
中華そば べんてん,東京都,板橋区,板橋区・地下鉄成増駅,豚骨魚介（二郎系large）,二郎・二郎系/豚骨・博多/貝・魚介系,3.81,,高田馬場「べんてん」系譜、池袋大勝軒インスパイア,https://tabelog.com/ramen/tokyo/A1322/A132204/rank,,有楽町・副都心線
タンタン,東京都(多摩),八王子・日野・多摩,八王子・日野・多摩・八王子駅,八王子ラーメン,その他・創作,3.81,百名店,1980年創業、八王子ラーメンの頂点、南口5分・土日祝休,https://tabelog.com/tokyo/A1329/A132904/13046007,Sat;Sun,JR中央・横浜・八高線 / 京王線
ラーメン フリーバーズ,神奈川県,横浜南西部,横浜南西部・本郷台駅,ラーメン,その他・創作,3.81,百名店,百名店2025、コスパも良好,https://tabelog.com/ramen/kanagawa/A1401/A140309/rank,,JR根岸線
ラーメン 杉田家 千葉祐光店,千葉県,千葉市,千葉市・東千葉駅,家系,家系,3.8,,吉村家直系、早朝営業で朝ラー可、中央区最高峰,https://tabelog.com/ramen/chiba/A1201/A120101/rank,,JR総武本線
純手打ち だるま,東京都,中野区,中野区・中野富士見町駅,手打ち麺×鶏ガラ醤油,醤油・中華そば,3.8,百名店,駅徒歩1分。住所は杉並区和田だが駅至近の名店,https://tabelog.com/tokyo/A1319/A131903/13218715,,東京メトロ丸ノ内線・方南町支線
らぁめん ご恩,東京都,中野区,中野区・野方駅,塩・担々（鶏清湯）,担々麺・四川・麻婆/塩/醤油・中華そば,3.8,百名店,国産鶏ガラの淡麗鶏清湯／駅9分・売切れ終了,https://tabelog.com/tokyo/A1321/A132104/R7731/rstLst/ramen,,西武新宿線
Homemade Ramen 青麦,東京都,大田区,大田区・大森駅,醤油（自家製麺）,醤油・中華そば,3.8,,麦苗の姉妹店、淡麗〜濃厚を選択／大森海岸6分,https://retty.me/area/PRE13/ARE16,,JR京浜東北 / 京急本線
麺屋 吉左右（きっそう）,東京都,江東区,江東区・木場駅,魚介系ラーメン・つけ麺,つけ麺/貝・魚介系,3.8,百名店,区内最高評価級。営業は月・木・土のみ／駅5分,https://tabelog.com/tokyo/A1313/A131303/13021140,,東西線
櫻井中華そば店,神奈川県,横浜南西部,横浜南西部・保土ケ谷駅,醤油中華そば,醤油・中華そば,3.8,百名店,白河系の中太縮れ＋上品醤油、東口3分・水休,https://tabelog.com/kanagawa/A1401/A140301/14068897,Wed,JR横須賀・湘南新宿
中華そば 児ノ木,東京都,中野区,中野区・落合駅,純煮干しそば,煮干し,3.79,百名店,落合駅至近の百名店（所在は新宿区上落合・参考）,https://tabelog.com/tokyo/A1319/A131901/13154006,,東京メトロ東西線 ※出口は中野区東中野側にもあり
キング製麺,東京都,北区,北区・王子駅,白だしラーメン,その他・創作,3.79,ビブグルマン,「らぁめん小池」「にし乃」系、澄んだ白醤油／駅前,https://san-tatsu.jp/articles/119030,,JR京浜東北 / 南北線
中華そば屋 伊藤,東京都,北区,北区・王子神谷駅,濃厚煮干し（そば/肉そばのみ）,煮干し,3.79,ビブグルマン;百名店,濃厚煮干しブームの火付け役。駅から約12分とやや遠いが特記,https://tabelog.com/tokyo/A1323/A132304/13008779,,南北線
麺処 晴（はる）,東京都,台東区,台東区・入谷駅,煮干し（醤油／塩）・つけ麺,煮干し/つけ麺/塩/醤油・中華そば,3.79,百名店,入谷2番出口すぐ、煮干しの名店,https://tabelog.com/tokyo/A1311/A131104/13143115,,東京メトロ日比谷線
らぁめん 山と樹,東京都,杉並区,杉並区・高円寺駅,ラーメン,その他・創作,3.79,百名店,完成度の高い一杯,https://tabelog.com/tokyo/A1319/A131904/13204607,,JR中央・総武線
麺尊 RAGE,東京都,杉並区,杉並区・西荻窪駅,軍鶏そば・煮干し,煮干し,3.79,ビブグルマン;百名店,"100%軍鶏出汁＋醤油の""ネオ東京""",https://tabelog.com/tokyo/A1319/A131907/13178309,,JR中央・総武線
支那そば たんたん亭,東京都,杉並区,杉並区・浜田山駅,醤油・つけ麺,つけ麺/醤油・中華そば,3.79,,「たんたん亭系」総本山、魚介効いた琥珀醤油／駅1分,https://tabelog.com/tokyo/C13115/C36690/rstLst/ramen,,京王井の頭線
あさひ町内会,東京都,板橋区,板橋区・板橋区役所前駅,札幌味噌,味噌/ご当地・地域系,3.79,百名店,札幌「すみれ」13年修行、連日行列／駅4分,https://tabelog.com/ramen/tokyo/A1322/A132205/rank,,都営三田線
大島,東京都,江戸川区,江戸川区・船堀駅,札幌味噌,味噌/ご当地・地域系,3.79,百名店,「すみれ」出身、TRY味噌部門殿堂入り,https://tabelog.com/tokyo/A1312/A131205/13155875,,都営新宿線
こうかいぼう,東京都,江東区,江東区・門前仲町駅,塩・煮干清湯／つけ麺,煮干し/つけ麺/塩/醤油・中華そば,3.79,百名店,「毎日食べたい一杯」、駅6分・スープ切れ終い,https://tabelog.com/tokyo/A1313/A131303/13005052,,東西線 / 都営大江戸線
麺や 金時（Golden time）,東京都,練馬区,練馬区・小竹向原駅,塩・汁なし担々麺,担々麺・四川・麻婆/油そば・まぜそば・汁なし/塩,3.79,百名店,区内トップクラスの名店／駅7-8分（練馬区小竹町）,https://tabelog.com/tokyo/A1321/A132101/13139195,,有楽町・副都心線
ラーメン屋 トイ・ボックス,東京都,荒川区,荒川区・南千住駅,鶏×醤油（塩・味噌も）,味噌/塩/醤油・中華そば,3.79,ビブグルマン;百名店,百名店＋ビブグルマン5年連続。「都内最高峰の醤油」,https://tabelog.com/tokyo/A1324/A132401/13162973,,JR常磐線 / 日比谷線
Ramen にじゅうぶんのいち（Ramen 1/20）,東京都,荒川区,荒川区・東尾久三丁目停留場,塩そば（鶏）,塩,3.79,ビブグルマン;百名店,鶏の旨味あふれる塩そば＋鴨チャーシュー／停留場2分,https://tabelog.com/tokyo/A1324/A132401/13147594,,都電荒川線
麺屋一燈,東京都,葛飾区,葛飾区・新小岩駅,鶏白湯魚介（濃厚）,鶏白湯/貝・魚介系,3.79,,新小岩を全国区にした超有名行列店,https://tabelog.com/tokyo/A1312/A131204/13111737,,JR総武線各駅停車・快速
つけ麺 道,東京都,葛飾区,葛飾区・亀有駅,濃厚豚骨魚介つけ麺,つけ麺/豚骨・博多/貝・魚介系,3.79,百名店,都内屈指の行列店、北口3分・現金のみ,https://tabelog.com/tokyo/A1324/A132403/13094595,,JR常磐線各駅停車・千代田線直通
麺笑 巧真（こうしん）,東京都(多摩),八王子・日野・多摩,八王子・日野・多摩・八王子駅,ラーメン,その他・創作,3.79,,素材の旨味を丁寧に引き出す高完成度、エリア2位,https://tabelog.com/ramen/tokyo/A1329/A132904/rank,,JR中央・横浜・八高線 / 京王線
迂直（うちょく）,東京都(多摩),吉祥寺・三鷹・小金井,吉祥寺・三鷹・小金井・吉祥寺駅,つけ麺,つけ麺,3.79,,荻窪の伝説店が2025年4月コピス吉祥寺で復活、昆布水つけ麺、駅3分,https://tabelog.com/tokyo/A1320/A132001/13309093,,JR中央・総武線 / 京王井の頭線
柴崎亭 つつじヶ丘本店,東京都(多摩),調布・府中・狛江,調布・府中・狛江・つつじヶ丘駅 / 仙川駅,鶏清湯・醤油/塩（ワンタン）,ワンタン麺/塩/醤油・中華そば,3.79,百名店,澄んだ旨味濃密スープ、駅2分,https://tabelog.com/tokyo/A1326/A132601/13135162,,京王線
日陰（ひかげ）,神奈川県,川崎市南部,川崎市南部・鹿島田駅,ラーメン（極太麺・魚介）,貝・魚介系,3.79,百名店,幸区最高評価、極太麺が主役、連日行列（南加瀬、駅から約15分）,https://tabelog.com/kanagawa/A1405/A140503/14081996,,JR南武線 / JR横須賀線
つけソバ いしい,千葉県,市川・浦安,市川・浦安・市川駅 / 市川真間駅,つけ麺,つけ麺,3.78,百名店,千葉つけ麺名店出身＋蕎麦修行、昼のみ（市川真間/国府台）,https://tabelog.com/chiba/A1202/A120202/12055768,,JR総武線 / 京成本線
八雲（やくも）,東京都,世田谷区,世田谷区・池尻大橋駅,ワンタン麺,ワンタン麺,3.78,,白だし系の上品スープ＋大ぶりワンタン、エリア1位／東口4分,https://tabelog.com/ramen/tokyo/A1317/A131705/rank,,東急田園都市線
麺や 七彩,東京都,中央区,中央区・新富町駅,醤油（喜多方・自家製麺）,醤油・中華そば/ご当地・地域系,3.78,百名店,注文ごとに打つ自家製麺。百名店2025（八丁堀）,https://tabelog.com/tokyo/A1302/A130203/13184399,,有楽町線 / JR京葉線・日比谷線
かしわぎ,東京都,中野区,中野区・東中野駅,醤油・塩（鶏清湯系）,塩/醤油・中華そば,3.78,百名店,鶏清湯の醤油・塩で全国区／徒歩4分,https://tabelog.com/tokyo/A1319/A131901/13209326,,JR中央・総武緩行 / 都営大江戸線
煮干そば 流。,東京都,北区,北区・十条駅,煮干しそば,煮干し,3.78,百名店,6種煮干しのキレ＆ビター／南口1分,https://tabelog.com/tokyo/A1323/A132304/13175140,,JR埼京線
三馬路 東京店,東京都,千代田区,千代田区・神田駅,醤油・塩（牡蠣）,貝・魚介系/塩/醤油・中華そば,3.78,,旬の限定「牡蠣そば」で知られる,https://tabelog.com/ramen/tokyo/A1310/A131002/rank,,JR山手・京浜東北・中央線 / 銀座線
つけめん金龍,東京都,千代田区,千代田区・淡路町駅,つけ麺（昆布水）,つけ麺,3.78,,三段階で味わう昆布水つけ麺,https://tabelog.com/ramen/tokyo/A1310/A131002/rank,,丸ノ内線 / 都営新宿線 / 千代田線
つけそば 神田 勝本,東京都,千代田区,千代田区・神保町駅,つけ麺（濃厚魚介豚骨）,つけ麺/豚骨・博多/貝・魚介系,3.78,,行列必至のつけ麺名店,https://tabelog.com/ramen/tokyo/A1310/A131003/rank,,半蔵門線 / 都営三田線・新宿線
らーめん改（かい）,東京都,台東区,台東区・田原町駅,貝出汁（塩）,貝・魚介系/塩,3.78,,看板「貝塩らーめん」＋自家製太縮れ麺,https://tabelog.com/ramen/tokyo/A1311/A131103/rank,,銀座線
らーめん改,東京都,台東区,台東区・新御徒町駅 / 台東区・蔵前駅,貝出汁（塩）,貝・魚介系/塩,3.78,,蔵前・田原町・新御徒町徒歩圏,https://tabelog.com/ramen/tokyo/A1311/A131103/rank,,都営大江戸線 / 都営浅草線・大江戸線
中華そば 和渦 TOKYO,東京都,品川区,品川区・北品川駅,中華そば・つけ麺（無化調）,つけ麺/醤油・中華そば,3.78,百名店,もち小麦自家製麺・山水地鶏、「特製醤油そば」／駅1-2分・日休,https://tabelog.com/tokyo/A1314/A131405/13233678,Sun,京急本線
らーめん 飛粋（ひすい）,東京都,大田区,大田区・蒲田駅,家系,家系,3.78,,蒲田の家系代表格、乳化まろやか豚骨醤油／京急蒲田2分,https://tabelog.com/ramen/tokyo/A1315/A131503/rank,,JR京浜東北 ほか / 京急本線・空港線
煮干しつけ麺 宮元,東京都,大田区,大田区・蒲田駅,つけ麺（濃厚煮干）,煮干し/つけ麺,3.78,,「一燈」系譜、ドロ系濃厚煮干（蒲田・蓮沼中間）,https://tabelog.com/ramen/tokyo/A1315/A131503/rank,,JR京浜東北 ほか / 京急本線・空港線
らーめん亭 ひなり竜王,東京都,大田区,大田区・梅屋敷駅・大森町駅,淡麗醤油・つけ麺,つけ麺/醤油・中華そば,3.78,百名店,和渦グループ、木桶醤油×炒め野菜の「三位一体」,https://tabelog.com/tokyo/A1315/A131503/13276299,,京急本線
ラーメン大至,東京都,文京区,文京区・湯島駅,中華そば・つけ麺,つけ麺/醤油・中華そば,3.78,百名店,質朴な清湯醤油中華そば,https://tabelog.com/tokyo/A1310/A131002/13042832,,千代田線
らぁ麺やまぐち,東京都,新宿区,新宿区・西早稲田駅,鶏（鶏そば／昆布水つけ麺）,つけ麺,3.78,ビブグルマン;百名店,鶏清湯の完成度で全国区,http://www.ramen-yamaguchi.com/original.html,,東京メトロ副都心線
there is ramen,東京都,杉並区,杉並区・荻窪駅,煮干し系,煮干し,3.78,百名店,苦味少なめの分厚い煮干し,https://tabelog.com/tokyo/A1319/A131906/13277729,,JR中央・総武線 / 丸ノ内線
西永福の煮干箱,東京都,杉並区,杉並区・西永福駅,煮干し,煮干し,3.78,百名店,RAIK系列、6種以上の煮干し濃厚／北口1-2分,https://tabelog.com/tokyo/A1318/A131805/13263789,,京王井の頭線
寿製麺 よしかわ 西台駅前店,東京都,板橋区,板橋区・西台駅,白醤油・煮干し（淡麗）,煮干し/醤油・中華そば,3.78,百名店,駅3分,https://tabelog.com/ramen/tokyo/A1322/A132205/rank,,都営三田線
はやし,東京都,渋谷区,渋谷区・渋谷駅,醤油（無化調・鶏ガラ清湯）,醤油・中華そば,3.78,百名店,渋谷の顔。20年以上支持される無化調醤油,https://tabelog.com/tokyo/A1303/A130301/13003367,,JR山手・埼京・湘南新宿 / 銀座・半蔵門・副都心線
麺処 びぎ屋 学芸大学本店,東京都,目黒区,目黒区・学芸大学駅,醤油らーめん,醤油・中華そば,3.78,ビブグルマン;百名店,鶏節など和出汁、裏メニューの柚子白醤油も／エリア1位,https://tabelog.com/tokyo/A1317/A131702/13093976,,東急東横線
長男、ほそのたかし,東京都,練馬区,練馬区・江古田駅,つけ麺,つけ麺,3.78,百名店,超極太麺＋3日炊きの濃厚豚骨魚介／駅2分,https://tabelog.com/tokyo/A1321/A132101/13261549,,西武池袋線
煮干鰮らーめん 圓（えん）八王子本店,東京都(多摩),八王子・日野・多摩,八王子・日野・多摩・八王子駅,煮干し,煮干し,3.78,,濃厚煮干しの行列店、北口10分・無休,https://tabelog.com/tokyo/A1329/A132904/13091258,,JR中央・横浜・八高線 / 京王線
ラーメン 健やか,東京都(多摩),吉祥寺・三鷹・小金井,吉祥寺・三鷹・小金井・三鷹駅,ラーメン（無化調）,その他・創作,3.78,,大山鶏・ホンビノス貝の自家製麺、北口5分,https://tabelog.com/ramen/tokyo/A1320/A132002/rank,,JR中央・総武線
丿貫 福富町本店,神奈川県,横浜中心部,横浜中心部,濃厚煮干,煮干し,3.78,百名店,煮干しの名店、関内5分,https://tabelog.com/ramen/kanagawa/A1401/A140104/rank,,
らーめん 鶏喰（とりくい）,神奈川県,横浜中心部,横浜中心部,醤油・塩,塩/醤油・中華そば,3.78,ビブグルマン;百名店,ビブグルマン掲載歴、吉野町・阪東橋圏,https://tabelog.com/ramen/kanagawa/A1401/A140306/rank,,
支那そばや 本店,神奈川県,横浜南西部,横浜南西部・戸塚駅,醤油・塩らぁ麺,塩/醤油・中華そば,3.78,百名店,「ラーメンの鬼」佐野実創業の聖地、駅5分・水休,https://tabelog.com/kanagawa/A1401/A140305/14014445,Wed,JR東海道・横須賀・湘南新宿 / ブルーライン
兎に角 松戸本店,千葉県,松戸・柏,松戸・柏・松戸駅,油そば・つけ麺,つけ麺/油そば・まぜそば・汁なし,3.77,百名店,進化系油そば＆魚介豚骨つけ麺,https://tabelog.com/chiba/A1203/A120302/12001198,,JR常磐線 / 新京成線
麺処 有彩（ありさ）,埼玉県,川口・蕨・戸田,川口・蕨・戸田・西川口駅,鶏清湯・濃厚の中華そば,醤油・中華そば,3.77,百名店,東十条「ほん田」出身、西口2分、2025年2月再開,https://tabelog.com/saitama/A1102/A110201/11038476,,JR京浜東北線
ぜんや,埼玉県,西武沿線エリア,西武沿線エリア・新座駅,塩,塩,3.77,百名店,黄金色の極上塩スープの名店、駅7分・火水休（2026/1再開、臨時休業注意）,https://tabelog.com/saitama/A1103/A110301/11000014,Tue;Wed,JR武蔵野線
煮干乱舞,埼玉県,越谷・草加・春日部,越谷・草加・春日部・武里駅,煮干し（特濃醤油）,煮干し/醤油・中華そば,3.77,百名店,EAST百名店9年連続、西口1分,https://tabelog.com/saitama/A1102/A110204/11043059,,東武 / 東武
純手打ち 麺と未来,東京都,世田谷区,世田谷区・下北沢駅,手打ち中華そば,醤油・中華そば,3.77,ビブグルマン,エリア1位、コシの強い手打ち麺／ビブグルマン歴,https://tabelog.com/ramen/tokyo/A1318/A131802/rank,,小田急 / 京王井の頭線
六厘舎 東京駅 東京ラーメンストリート店,東京都,中央区,中央区・東京駅,つけ麺,つけ麺,3.77,,濃厚豚骨魚介、連日行列,https://tabelog.com/tokyo/A1302/A130201/13093047,,八重洲・日本橋口側 / JR各線・丸ノ内線
むぎとオリーブ 銀座本店,東京都,中央区,中央区・東銀座駅,醤油・蛤,貝・魚介系/醤油・中華そば,3.77,百名店,蛤SOBAで著名、百名店常連,https://tabelog.com/tokyo/A1301/A130101/13164932,,日比谷線 / 都営浅草線
メンドコロ キナリ,東京都,中野区,中野区・東中野駅,醤油/塩/山椒白醤油・つけ麺,つけ麺/塩/醤油・中華そば,3.77,ビブグルマン;百名店,JR東口1分、区内総合力トップ格,https://tabelog.com/tokyo/A1319/A131901/13221001,,JR中央・総武緩行 / 都営大江戸線
支那ソバ かづ屋,東京都,品川区,品川区・目黒駅,醤油・ワンタン麺,ワンタン麺/醤油・中華そば,3.77,,目黒を代表する老舗名店,https://tabelog.com/ramen/tokyo/A1316/A131601/rank,,JR山手 / 南北・三田線
竹末東京Premium,東京都,墨田区,墨田区・押上〈スカイツリー前〉駅,鶏ホタテ（醤油・塩）,塩/醤油・中華そば,3.77,百名店,栃木「竹末食堂」直営、エリア随一の名店／A2 7分,https://tabelog.com/tokyo/A1312/A131203/13167920,,半蔵門線 / 都営浅草線
らぁめん 葉月（はづき）,東京都,大田区,大田区・雪が谷大塚駅・石川台駅,自家製の魚介・貝・丸鶏（淡麗）,貝・魚介系,3.77,,麺・具まで全て自家製／雪が谷大塚4分・月火休,https://tabelog.com/ramen/tokyo/A1317/A131711/rank,Mon;Tue,東急池上線
つけ麺 五ノ神製作所,東京都,新宿区,新宿区・新宿三丁目駅,つけ麺・海老,つけ麺/貝・魚介系,3.77,,濃厚海老つけ麺の有名店,https://tabelog.com/ramen/tokyo/A1304/A130401/rank,,丸ノ内線・副都心線 / 都営新宿線
SOBA HOUSE 金色不如帰 新宿御苑本店,東京都,新宿区,新宿区・新宿御苑前駅,塩・醤油（蛤・真鯛）,貝・魚介系/塩/醤油・中華そば,3.77,ミシュラン星,ミシュラン一つ星の世界的名店,https://tabelog.com/tokyo/A1304/A130402/13222172,,丸ノ内線
春木屋 荻窪本店,東京都,杉並区,杉並区・荻窪駅,醤油（東京ラーメン）,醤油・中華そば,3.77,,"1949年創業、""荻窪系""醤油の草分け",https://tabelog.com/tokyo/A1319/A131906/13001099,,JR中央・総武線 / 丸ノ内線
初代 健太 東京高円寺本店,東京都,杉並区,杉並区・高円寺駅,博多豚骨（長浜）,豚骨・博多,3.77,,替え玉ルールが名物,https://tabelog.com/tokyo/A1319/A131904/13183596,,JR中央・総武線
はつね,東京都,杉並区,杉並区・西荻窪駅,タンメン,ご当地・地域系,3.77,百名店,1961年創業、透き通る名物タンメン,https://tabelog.com/tokyo/A1319/A131907/13000717,,JR中央・総武線
RAMEN CiQUE（チキュウ）,東京都,杉並区,杉並区・南阿佐ケ谷駅,淡麗塩・白醤油,塩/醤油・中華そば,3.77,百名店,モンゴル産塩×昆布・貝・節の繊細淡麗、6席,https://tabelog.com/tokyo/A1319/A131905/13048520,,丸ノ内線
スパイス・ラー麺 卍力 西葛西店,東京都,江戸川区,江戸川区・西葛西駅,スパイスラーメン,ご当地・地域系,3.77,百名店,14種スパイス配合、北口すぐ,https://tabelog.com/tokyo/A1313/A131305/13168253,,東京メトロ東西線
亀戸煮干中華蕎麦 つきひ,東京都,江東区,江東区・亀戸駅,煮干し（濃厚）,煮干し,3.77,,煮干し激戦区・亀戸の代表／北口3分,https://tabelog.com/tokyo/A1312/A131202/13217695,,JR総武線
麺 ふじさき,東京都,江東区,江東区・亀戸駅,ラーメン・つけ麺,つけ麺,3.77,,高評価の実力店,https://tabelog.com/tokyo/A1312/A131202/13276443,,JR総武線
麺屋 周郷,東京都,港区,港区・新橋駅,つけ麺,つけ麺,3.77,,濃厚魚介つけ麺専門,https://tabelog.com/ramen/tokyo/A1301/A130103/rank,,JR各線 / 銀座線 / 都営浅草線 / 都営大江戸線
ラーメン二郎 三田本店,東京都,港区,港区・田町駅,二郎系,二郎・二郎系,3.77,,二郎の総本山,https://tabelog.com/ramen/tokyo/A1314/A131402/rank,,JR / 都営浅草・三田線
鴨出汁中華蕎麦 麺屋yoshiki,東京都,葛飾区,葛飾区・新小岩駅,鴨出汁中華蕎麦・つけ蕎麦,つけ麺/鴨/醤油・中華そば,3.77,百名店,一燈出身の独立店、「最上鴨中華蕎麦」,https://tabelog.com/tokyo/A1312/A131204/13242295,,JR総武線各駅停車・快速
中華蕎麦 時雨 伊勢佐木長者町本店,神奈川県,横浜中心部,横浜中心部,和出汁中華そば,醤油・中華そば,3.77,百名店,和割烹的な上品な出汁,https://tabelog.com/kanagawa/A1401/A140104/14067138,,
ラーメン 杉田家 本店,神奈川県,横浜南西部,横浜南西部・新杉田駅,家系,家系,3.77,,吉村家直系1号店、家系の総本山格、早朝5時〜・日休,https://tabelog.com/kanagawa/A1401/A140308/14000917,Sun,JR根岸線 / シーサイドライン
うまいヨゆうちゃんラーメン,神奈川県,県央・相模原,県央・相模原・大和駅,豚骨,豚骨・博多,3.77,百名店,TRY豚骨部門6連覇・百名店、大和市最高評価（駅13〜15分）,https://tabelog.com/kanagawa/A1407/A140702/14057313,,小田急江ノ島線 / 相鉄本線
中華ソバ 篤々（TOKU-TOKU）,千葉県,千葉郊外,千葉郊外・勝田台駅・東葉勝田台駅,煮干し系中華そば,煮干し/醤油・中華そば,3.76,百名店,煮干しソバ＋和え玉、習志野・八千代1位、勝田台2分・月火休,https://tabelog.com/chiba/A1202/A120204/12040080,Mon;Tue,京成本線・東葉高速線 / 京成本線
豚骨醤油ラーメン 王道家 柏店,千葉県,松戸・柏,松戸・柏・柏駅,家系,家系,3.76,百名店,家系の超有力店、キレのある豚骨醤油、柏1位・月休,https://tabelog.com/chiba/A1203/A120301/12047768,Mon,JR常磐線 / 東武アーバンパークライン
次念序（じねんじょ）,埼玉県,埼玉,埼玉・鴻巣駅,濃厚魚介豚骨つけ麺（六厘舎系）,つけ麺/豚骨・博多/貝・魚介系,3.76,百名店,EAST百名店、極太もちもち麺＋濃厚つけ汁、西口10分,https://tabelog.com/saitama/A1104/A110401/R3865/rstLst/ramen,,JR高崎線
頑者（がんじゃ）本店,埼玉県,川越・東武東上線,川越・東武東上線・川越駅,つけ麺,つけ麺,3.76,,川越つけ麺の代名詞、極太麺×濃厚魚介豚骨（本川越寄り）,https://tabelog.com/saitama/A1103/A110303,,JR川越線・東武東上線 / 西武新宿線 / 東武東上線
寿製麺 よしかわ 川越店,埼玉県,川越・東武東上線,川越・東武東上線・南大塚駅,煮干し中華そば,煮干し/醤油・中華そば,3.76,百名店,川越エリア1位、煮干し系の超人気店、南大塚最寄り,https://tabelog.com/saitama/A1103/A110303/11040851,,西武新宿線
味噌麺処 花道庵,東京都,中野区,中野区・野方駅,味噌・つけ麺,つけ麺/味噌,3.76,,とろみのある個性派味噌、朝営業も,https://tabelog.com/tokyo/A1321/A132104/13055183,,西武新宿線
塩生姜らー麺専門店 MANNISH 淡路町本店,東京都,千代田区,千代田区・淡路町駅,塩（生姜）,塩,3.76,,生姜の効いた塩らー麺の専門店,https://tabelog.com/ramen/tokyo/A1310/A131002/rank,,丸ノ内線 / 都営新宿線 / 千代田線
ラーメン大至,東京都,千代田区,千代田区・御茶ノ水駅,醤油,醤油・中華そば,3.76,,御茶ノ水〜末広町の老舗系中華そば,https://tabelog.com/ramen/tokyo/A1310/A131002/rank,,JR中央・総武線
豊栄（ほうえい）,東京都,文京区,文京区・本駒込駅,中華・担々麺,担々麺・四川・麻婆,3.76,,担々麺が評判の人気中華／2番出口すぐ,https://tabelog.com/tokyo/A1323/A132301/R9112/rstLst/MC01,,南北線
支那蕎麦 澤田,東京都,新宿区,新宿区・新宿御苑前駅,醤油（淡麗）,醤油・中華そば,3.76,,淡麗醤油の実力店,https://tabelog.com/ramen/tokyo/A1304/A130402/rank,,丸ノ内線
風雲児 新宿本店,東京都,渋谷区,渋谷区・新宿駅,つけ麺（濃厚鶏白湯×魚介）,つけ麺/鶏白湯/貝・魚介系,3.76,,連日行列の全国区。住所は渋谷区代々木、新宿駅6番出口1分,https://tabelog.com/tokyo/A1304/A130401/13044091,,都営大江戸線・代々木側 / 渋谷区所在
新橋 纏（まとい）,東京都,港区,港区・新橋駅,鶏清湯・醤油/塩,塩/醤油・中華そば,3.76,,路地裏の名店、コスパ良,https://tabelog.com/ramen/tokyo/A1301/A130103/rank,,JR各線 / 銀座線 / 都営浅草線 / 都営大江戸線
自家製麺 ロビンソン,東京都,港区,港区・虎ノ門駅,中華そば・つけ麺,つけ麺/醤油・中華そば,3.76,,自家製平打ち麺、行列店／虎ノ門ヒルズ2分,https://tabelog.com/tokyo/A1308/A130802/13264815,,銀座線 / 日比谷線
ラーメン 三浦家,東京都,葛飾区,葛飾区・金町駅,家系（豚骨醤油）,家系/豚骨・博多/醤油・中華そば,3.76,,横浜家系「武蔵家」総大将の地元凱旋店、駅周辺No.1人気,https://tabelog.com/tokyo/A1324/A132403/13261888,,JR常磐線各駅停車・千代田線直通
麺屋 Hulu-lu,東京都,豊島区,豊島区・池袋駅,醤油そば（地鶏×煮干し）,煮干し/油そば・まぜそば・汁なし/醤油・中華そば,3.76,百名店,キレある醤油そば、西口側,https://tabelog.com/tokyo/A1305/A130501/13136428,,JR各線 / 丸ノ内・有楽町・副都心線
まるえ中華そば 巣鴨,東京都,豊島区,豊島区・巣鴨駅,中華そば（自家製太麺）,醤油・中華そば,3.76,,多賀野系列・旧「蔦」跡地、分厚い炙りチャーシュー,https://tabelog.com/tokyo/A1323/A132301/13248342,,JR山手線 / 都営三田線
鴨中華そば 楓（かえで）,東京都(多摩),八王子・日野・多摩,八王子・日野・多摩・八王子駅,鴨・煮干し,煮干し/鴨,3.76,,鴨と動物系・煮干しの旨味,https://tabelog.com/ramen/tokyo/A1329/A132904/rank,,JR中央・横浜・八高線 / 京王線
ラーメン二郎 ひばりヶ丘駅前店,東京都(多摩),西東京・小平・東久留米・東村山・清瀬,西東京・小平・東久留米・東村山・清瀬・ひばりヶ丘駅 / 保谷駅,二郎系（直系）,二郎・二郎系,3.76,,乳化スープ＋野菜タワー、直系屈指、駅3分・日休,https://tabelog.com/tokyo/A1328/A132801/13024745,Sun,西武池袋線
地球の中華そば,神奈川県,横浜中心部,横浜中心部,中華そば（塩・醤油）,塩/醤油・中華そば,3.76,百名店,EAST百名店常連,https://tabelog.com/kanagawa/A1401/A140104/14056490,,
流星軒,神奈川県,横浜中心部,横浜中心部,醤油（和出汁）,醤油・中華そば,3.76,百名店,2000年開業の名店、芳醇な醤油,https://tabelog.com/ramen/kanagawa/A1401/A140306/rank,,
ラーメン星印,神奈川県,横浜中心部,横浜中心部,清湯 醤油・塩,塩/醤油・中華そば,3.76,百名店,支那そばや(佐野実)系譜、反町4-5分,https://tabelog.com/kanagawa/A1401/A140205/14054005,,
ラーメン 環2家,神奈川県,横浜中心部,横浜中心部,家系,家系,3.76,,バランスの良い家系、上大岡圏の代表,https://tabelog.com/ramen/kanagawa/A1401/A140307/rank,,
中華そば 笑歩,神奈川県,横浜北部,横浜北部・綱島駅,醤油・つけ麺,つけ麺/醤油・中華そば,3.76,百名店,「多賀野」出身、エリア最高評価,https://tabelog.com/ramen/kanagawa/A1401/A140204/rank,,東急東横線
松戸中華そば 富田食堂,千葉県,松戸・柏,松戸・柏・松戸駅,ラーメン・つけ麺,つけ麺,3.75,百名店,とみ田の姉妹ブランド、並び少なめでとみ田系の味,https://tabelog.com/chiba/A1203/A120302/12042171,,JR常磐線 / 新京成線
麺処 にし尾,千葉県,松戸・柏,松戸・柏・柏駅,ラーメン（手揉み麺）,その他・創作,3.75,百名店,手揉み麺×醤油/塩/煮干し、2022年開店の新鋭名店,https://tabelog.com/chiba/A1203/A120301/12054858,,JR常磐線 / 東武アーバンパークライン
麺処 はら田,埼玉県,さいたま市,さいたま市・南浦和駅,醤油・昆布水つけ麺,つけ麺/醤油・中華そば,3.75,,東十条「麺処ほん田」出身、昆布水つけ麺、東口5分,https://tabelog.com/ramen/saitama/A1101/A110102/rank,,JR京浜東北・武蔵野線
手揉み中華そば 中村,埼玉県,さいたま市北部,さいたま市北部・大宮駅,中華そば,醤油・中華そば,3.75,百名店,狼煙系列の手揉み平打ち麺＋醤油・塩、東口5分,https://tabelog.com/saitama/A1101/A110101/11053705,,JR各線・東武アーバンパークライン・ニューシャトル
らーめん梶原,東京都,世田谷区,世田谷区・千歳烏山駅,背脂煮干し醤油,煮干し/醤油・中華そば,3.75,,王道醤油を現代的に磨いた一杯,https://tabelog.com/ramen/tokyo/A1318/A131809/rank,,京王線
食堂 七彩,東京都,中野区,中野区・都立家政駅,喜多方（中華そば）,醤油・中華そば/ご当地・地域系,3.75,,無化調・自家製手切り麺の淡麗、行列店／駅3分,https://tabelog.com/tokyo/A1321/A132104/13145418,,西武新宿線
自家製麺 伊藤,東京都,北区,北区・赤羽駅,煮干し中華そば,煮干し/醤油・中華そば,3.75,ビブグルマン,九十九里産煮干し、比内鶏の肉そばも／東口すぐ,https://tabelog.com/tokyo/A1323/A132305/13090799,,JR京浜東北・宇都宮・高崎・湘南新宿・埼京 / 南北線
神田ラーメン わいず,東京都,千代田区,千代田区・神田駅,家系（豚骨醤油）,家系/豚骨・博多/醤油・中華そば,3.75,,鶏油香る濃厚スープ、ランチ行列の定番,https://tabelog.com/ramen/tokyo/A1310/A131002/rank,,JR山手・京浜東北・中央線 / 銀座線
中華そば 勝本,東京都,千代田区,千代田区・水道橋駅,醤油・塩（雲呑）,ワンタン麺/塩/醤油・中華そば,3.75,,透明感ある煮干し＋出汁、雲呑麺が看板,https://tabelog.com/ramen/tokyo/A1310/A131003/rank,,JR中央・総武線 / 都営三田線
海老丸らーめん,東京都,千代田区,千代田区・水道橋駅,塩・濃厚（オマール海老）,貝・魚介系/塩,3.75,,フレンチ出身店主のビスク仕立て,https://tabelog.com/ramen/tokyo/A1310/A131003/rank,,JR中央・総武線 / 都営三田線
四川担担麺 阿吽 湯島本店,東京都,台東区,台東区・上野広小路駅,担々麺,担々麺・四川・麻婆,3.75,,四川系本格担々麺、エリア最高峰,https://tabelog.com/ramen/tokyo/A1311/rank,,銀座線 / 都営大江戸線 / 日比谷線
中華ソバ ビリケン,東京都,台東区,台東区・浅草駅,醤油（鴨＋鶏）,鴨/醤油・中華そば,3.75,,鴨と鶏の旨味を凝縮、自家製麺／徒歩2〜3分,https://tabelog.com/ramen/tokyo/A1311/A131102/rank,,銀座線 / 都営浅草線
中華蕎麦 無冠,東京都,品川区,品川区・五反田駅,清湯・牡蠣塩,貝・魚介系/塩/醤油・中華そば,3.75,,イカ墨入り「ブラック牡蠣塩」,https://tabelog.com/ramen/tokyo/A1316/A131603/rank,,JR山手 / 都営浅草線
麺壱 吉兆,東京都,品川区,品川区・大井町駅,中華そば（白河系）,醤油・中華そば/ご当地・地域系,3.75,,青竹打ち、鶏ガラ醤油＋平打ち縮れ麺,https://tabelog.com/tokyo/A1315/A131501/13134691,,JR京浜東北 / りんかい線
麺屋 ねむ瑠,東京都,文京区,文京区・本郷三丁目駅,煮干し（濃厚）,煮干し,3.75,,通称「バカニボ」、濃厚なのに飲みやすい,https://tabelog.com/tokyo/A1310/A131004/13186981,,丸ノ内線 / 都営大江戸線
渡なべ,東京都,新宿区,新宿区・高田馬場駅,魚介豚骨,豚骨・博多/貝・魚介系,3.75,,濃厚魚介豚骨のパイオニア的名店,https://tabelog.com/tokyo/A1305/A130503/13000121,,JR山手線 / 東京メトロ東西線
クラム＆ボニート 貝節麺ライク,東京都,杉並区,杉並区・方南町駅,貝×鰹（潮そば）,貝・魚介系,3.75,,貝と鰹の旨味が突出,https://tabelog.com/tokyo/A1319/A131903/R9010/rstLst/ramen,,丸ノ内線 方南支線
濃厚ラーメン かなや,東京都,杉並区,杉並区・方南町駅,背脂豚骨・台湾まぜそば,豚骨・博多/油そば・まぜそば・汁なし,3.75,,超高濃度スープ,https://tabelog.com/tokyo/A1319/A131903/R9010/rstLst/ramen,,丸ノ内線 方南支線
中華麺店 喜楽,東京都,渋谷区,渋谷区・渋谷駅,醤油（もやし麺・ワンタン麺）,ワンタン麺/醤油・中華そば,3.75,,1952年創業の老舗、ハチ公口8分,https://tabelog.com/tokyo/A1303/A130301/13001705,,JR山手・埼京・湘南新宿 / 銀座・半蔵門・副都心線
親鶏中華そば 綾川 本店,東京都,渋谷区,渋谷区・恵比寿駅,鶏清湯・極太麺,醤油・中華そば,3.75,,恵比寿1位、行列必至の実力店,https://tabelog.com/tokyo/A1303/A130302/13253970,,JR山手・埼京・湘南新宿 / 日比谷線
鶏こく中華 すず喜,東京都(多摩),吉祥寺・三鷹・小金井,吉祥寺・三鷹・小金井・三鷹駅,鶏白湯（濃厚）,鶏白湯,3.75,,「すず鬼」系列、濃厚鶏こく,https://tabelog.com/ramen/tokyo/A1320/A132002/rank,,JR中央・総武線
麺や でこ,神奈川県,川崎市北部,川崎市北部・武蔵小杉駅,煮干しらーめん,煮干し,3.75,百名店,川崎を代表する淡麗煮干し（新丸子/武蔵小杉）,https://tabelog.com/kanagawa/A1405/A140504/14054555,,JR南武・横須賀 / 東急東横・目黒線 / 東急
豚星。,神奈川県,川崎市北部,川崎市北部・元住吉駅,二郎インスパイア,二郎・二郎系,3.75,百名店,全国二郎系で食べログ1位経験のレジェンド、東口10分,https://tabelog.com/kanagawa/A1405/A140504/14058333,,東急東横・目黒線
ラーメン二郎 中山駅前店,神奈川県,横浜北部,横浜北部・中山駅,二郎系,二郎・二郎系,3.75,百名店,甘い脂と黒胡椒、駅3分,https://tabelog.com/kanagawa/C14113/C38371/rstLst/ramen,,JR横浜線 / グリーンライン
厚木本丸亭,神奈川県,県央・相模原,県央・相模原・本厚木駅,塩ラーメン,塩,3.75,百名店,鶏・豚足＋魚介の淡麗塩、肉ワンタン、駅7分,https://tabelog.com/kanagawa/A1408/A140802/14000181,,小田急小田原線
Noodle&Spice curry 今日の1番,埼玉県,川口・蕨・戸田,川口・蕨・戸田・川口駅,煮干しラーメン＋スパイスカレー,煮干し/ご当地・地域系,3.74,,西口7分、朝から行列、日替わり煮干しそば,https://tabelog.com/saitama/A1102/A110201/R2843/rstLst/ramen,,JR京浜東北線
覆めん 花木,東京都,中野区,中野区・東中野駅,ラーメン（あっさり）・わんたん,ワンタン麺,3.74,,あっさり系＋わんたん／徒歩4分弱,https://tabelog.com/tokyo/A1319/A131901/13252274,,JR中央・総武緩行 / 都営大江戸線
麺巧 潮（うしお）,東京都,千代田区,千代田区・淡路町駅,醤油・鶏白湯,鶏白湯/醤油・中華そば,3.74,,「にほんいち醤油そば」「鶏白湯そば」,https://tabelog.com/ramen/tokyo/A1310/A131002/rank,,丸ノ内線 / 都営新宿線 / 千代田線
覆麺 智（ふくめん とも）,東京都,千代田区,千代田区・神保町駅,醤油（地鶏・乾物）,醤油・中華そば,3.74,,阿波尾鶏出汁、限定も豊富な行列店,https://tabelog.com/ramen/tokyo/A1310/A131003/rank,,半蔵門線 / 都営三田線・新宿線
覆麺 智,東京都,千代田区,千代田区・竹橋駅,醤油（地鶏）,醤油・中華そば,3.74,,竹橋からも徒歩圏（主たる最寄りは神保町）,https://tabelog.com/ramen/tokyo/A1310/A131003/rank,,東京メトロ東西線
青島食堂 秋葉原店,東京都,千代田区,千代田区・末広町駅,醤油（長岡生姜醤油）,醤油・中華そば/ご当地・地域系,3.74,,生姜醤油ラーメンの名店、常時行列（最寄り岩本町）,https://tabelog.com/tokyo/A1310/A131001/13094776,,銀座線 / 都営新宿線
らーめん 鴨to葱 上野御徒町本店,東京都,台東区,台東区・御徒町駅 / 台東区・上野広小路駅,鴨清湯醤油,鴨/醤油・中華そば,3.74,,国産鴨の澄んだ旨味＋葱、口コミ多数,https://tabelog.com/tokyo/A1311/A131101/13312953,,JR山手・京浜東北線 / 銀座線 / 都営大江戸線 / 日比谷線
自家製麺 うるち,東京都,台東区,台東区・田原町駅,ラーメン,その他・創作,3.74,,田原町／浅草の高評価自家製麺店,https://tabelog.com/ramen/tokyo/A1311/A131102/rank,,銀座線
支那そば大和 稲荷町本店,東京都,台東区,台東区・稲荷町駅,ワンタン麺（清湯）,ワンタン麺/醤油・中華そば,3.74,,魚介＋動物系清湯にエビ・豚ワンタン／徒歩2分,https://tabelog.com/tokyo/A1311/A131101/13206756,,銀座線
らーめん 稲荷屋,東京都,台東区,台東区・稲荷町駅,ラーメン（フレンチ出身）,その他・創作,3.74,,仏技法＋週替り限定の革新派,https://tabelog.com/tokyo/A1311/A131101/13180646,,銀座線
中華そば 満鶏軒,東京都,墨田区,墨田区・錦糸町駅,鴨中華そば・鴨つけ麺,つけ麺/鴨/醤油・中華そば,3.74,,鴨と水のみの無化調出汁、行列店,https://tabelog.com/tokyo/A1312/A131201/13220773,,JR総武線 / 半蔵門線
麺屋海神 新宿店,東京都,新宿区,新宿区・新宿駅,塩・魚介,貝・魚介系/塩,3.74,百名店,鮮魚アラの塩スープ、〆の「あら飯」,https://tabelog.com/tokyo/A1304/A130401/13045287,,JR各線 / 丸ノ内線 / 都営新宿線・大江戸線
永福町大勝軒,東京都,杉並区,杉並区・永福町駅,煮干し醤油,煮干し/醤油・中華そば,3.74,,「永福町系」源流、ラード＋自家製麺2玉,https://tabelog.com/tokyo/A1318/A131805/13011769,,京王井の頭線
中華めん処 道頓堀,東京都,板橋区,板橋区・地下鉄成増駅,中華そば,醤油・中華そば,3.74,,エリア上位,https://tabelog.com/ramen/tokyo/A1322/A132204/rank,,有楽町・副都心線
魂の中華そば,東京都,板橋区,板橋区・上板橋駅,中華そば（魚介×動物W）,貝・魚介系/醤油・中華そば,3.74,,自家製多加水麺、ラーメンWalkerグランプリ東京2024銅賞／駅2分,https://tabelog.com/tokyo/A1322/A132203/13190096,,東武東上線
麺屋 ルリカケス,東京都,江東区,江東区・木場駅,ラーメン,その他・創作,3.74,,木場/東陽町圏の高評価店,https://tabelog.com/tokyo/A1313/A131303/13273342,,東西線
MENクライ,東京都,港区,港区・浜松町駅,鶏清湯系,醤油・中華そば,3.74,,エリア1位の鶏清湯,https://tabelog.com/ramen/tokyo/A1314/A131401/rank,,JR / 都営浅草・大江戸線
Dad's Ramen 夢にでてきた中華そば,東京都,目黒区,目黒区・自由が丘駅,煮干し中華そば,煮干し/醤油・中華そば,3.74,,「自家製麺伊藤」出身、TRY新人賞煮干部門1位／エリア1位,https://tabelog.com/tokyo/A1317/A131703/13274077,,東急東横線 / 大井町線
えどもんど 西日暮里店,東京都,荒川区,荒川区・西日暮里駅,二郎系,二郎・二郎系,3.74,,富士丸系の濃い味付け・大ボリューム,https://tabelog.com/tokyo/A1311/A131105/13253804,,JR山手・京浜東北 / 千代田線
陽はまたのぼる,東京都,足立区,足立区・綾瀬駅,煮干しラーメン・つけ麺,煮干し/つけ麺,3.74,百名店,「麺処 晴」「ほん田」出身の濃厚煮干し、綾瀬1位／東口7分（昼中心・要確認）,https://tabelog.com/tokyo/A1324/A132404/13206995,,JR常磐線 / 千代田線
中華そば 吾衛門（ごえもん）,東京都(多摩),八王子・日野・多摩,八王子・日野・多摩・西八王子駅,八王子ラーメン,その他・創作,3.74,,老舗の行列店、刻み玉ねぎが看板、北口3分・日祝休,https://tabelog.com/tokyo/A1329/A132904/13019588,Sun,JR中央線
東京味噌らーめん 鶉（うずら）,東京都(多摩),吉祥寺・三鷹・小金井,吉祥寺・三鷹・小金井・武蔵境駅,味噌,味噌,3.74,,「七彩」出身、6種味噌＋自家製手揉み麺、北口5分,https://tabelog.com/tokyo/A1320/A132003/13177636,,JR中央・総武線 / 西武多摩川線
鶏そば ムタヒロ 2号店,東京都(多摩),立川・国立・国分寺・昭島,立川・国立・国分寺・昭島・国分寺駅,濃厚鶏白湯,鶏白湯,3.74,,国分寺発「ムタヒロ」グループ、エリア1位,https://tabelog.com/ramen/tokyo/A1325/A132502/rank,,JR中央線
啜磨専科（すするません）,神奈川県,横浜中心部,横浜中心部,創作・淡麗,その他・創作,3.74,,スープ評価が高い、独自トッピング,https://tabelog.com/ramen/kanagawa/A1401/A140307/rank,,
らー麺土俵 鶴嶺峰,神奈川県,横浜中心部,横浜中心部,つけ麺,つけ麺,3.74,百名店,元力士店主の人気店、徒歩5分,https://tabelog.com/ramen/kanagawa/A1401/A140210/rank,,
らぁ麺 松しん,神奈川県,横浜中心部,横浜中心部,正統派中華そば,醤油・中華そば,3.74,百名店,京急鶴見・鶴見小野圏,https://tabelog.com/ramen/kanagawa/A1401/A140210/rank,,
白河手打中華そば こすが,神奈川県,横浜北部,横浜北部・あざみ野駅,白河系,ご当地・地域系,3.74,,白河「とら食堂」系、もちもち手打ち麺,https://tabelog.com/ramen/kanagawa/A1401/A140201/rank,,東急田園都市線 / ブルーライン
自家製麺 カミカゼ,神奈川県,横浜南西部,横浜南西部・戸塚駅,中華そば,醤油・中華そば,3.74,百名店,出汁にこだわる淡麗系,https://tabelog.com/ramen/kanagawa/A1401/A140305/rank,,JR東海道・横須賀・湘南新宿 / ブルーライン
地球の中華そば,神奈川県,横浜南西部,横浜南西部・金沢文庫駅,中華そば,醤油・中華そば,3.74,百名店,臨海部の淡麗系最高峰、駅2分・月日休,https://tabelog.com/kanagawa/A1401/A140310/14089878,Mon;Sun,京急本線
らーめん 藁（わら）,神奈川県,湘南・県西,湘南・県西・辻堂駅,ラーメン,その他・創作,3.74,,辻堂エリア最高評価クラスの人気店,https://tabelog.com/ramen/kanagawa/A1404/A140404/rank,,JR東海道
麺や 福一,千葉県,千葉郊外,千葉郊外・成田駅・京成成田駅,鶏白湯,鶏白湯,3.73,百名店,特製鶏白湯＋名物半チャーハン、成田1位、両駅徒歩圏,https://tabelog.com/chiba/A1204/A120401/12004272,,JR成田線 / 京成本線 / 京成本線
長男、もんたいちお,千葉県,市川・浦安,市川・浦安・本八幡駅,つけ麺,つけ麺,3.73,百名店,超極太麺×濃厚魚介豚骨、市川市最高評価級,https://tabelog.com/chiba/A1202/A120202/12045569,,JR総武線・都営新宿線 / 京成本線
柳麺 呉田（ごでん）,埼玉県,さいたま市,さいたま市・北浦和駅,醤油・塩（淡麗）,塩/醤油・中華そば,3.73,百名店,護国寺「ちゃぶ屋」出身、西口2分・月休,https://tabelog.com/saitama/A1101/A110102/11038398,Mon,JR京浜東北線
ラーメン二郎 川越店,埼玉県,川越・東武東上線,川越・東武東上線・川越駅,二郎系,二郎・二郎系,3.73,,川越駅最寄りの二郎,https://tabelog.com/saitama/A1103/A110303/11043900,,JR川越線・東武東上線 / 西武新宿線 / 東武東上線
らーめん カッパハウス,埼玉県,西武沿線エリア,西武沿線エリア・所沢駅,濃厚トマト,その他・創作,3.73,百名店,豚骨魚介＋完熟トマトの唯一無二、西口3分・地域No.1,https://tabelog.com/saitama/A1106/A110601/11035922,,西武池袋・新宿線
中華そば こてつ,東京都,世田谷区,世田谷区・下北沢駅,醤油中華そば,醤油・中華そば,3.73,,鰹が香る濃厚醤油、ミシュラン掲載歴,https://tabelog.com/ramen/tokyo/A1318/A131802/rank,,小田急 / 京王井の頭線
駄目な隣人 人形町店,東京都,中央区,中央区・人形町駅,醤油,醤油・中華そば,3.73,,本醸造醤油×野菜だし×生姜、無料トッピング、行列,https://tabelog.com/tokyo/A1302/A130204/13255889,,日比谷線 / 都営浅草線
麺屋 はし本,東京都,中野区,中野区・中野駅,濃厚魚介豚骨,豚骨・博多/貝・魚介系,3.73,百名店,エリア最高評価、売切れ仕舞い注意／北口9分,https://tabelog.com/tokyo/A1319/A131902/13205769,,JR中央・総武線 / 東京メトロ東西線
麺処 夏海,東京都,北区,北区・赤羽駅,醤油ラーメン・つけ麺,つけ麺/醤油・中華そば,3.73,,秋葉原「麺処ほん田」系列／東口3分,https://tabelog.com/tokyo/A1323/A132305/13135990,,JR京浜東北・宇都宮・高崎・湘南新宿・埼京 / 南北線
カラシビ味噌らー麺 鬼金棒 神田本店,東京都,千代田区,千代田区・神田駅,味噌（辛・痺）,味噌,3.73,,"""カラシビ""を調整できる中毒性の味噌",https://tabelog.com/ramen/tokyo/A1310/A131002/rank,,JR山手・京浜東北・中央線 / 銀座線
ラーメン二郎 神田神保町店,東京都,千代田区,千代田区・神保町駅,二郎系,二郎・二郎系,3.73,,学生街の人気二郎,https://tabelog.com/ramen/tokyo/A1310/A131003/rank,,半蔵門線 / 都営三田線・新宿線
麺や 庄の,東京都,千代田区,千代田区・市ヶ谷駅,つけ麺（豚骨魚介）,つけ麺/豚骨・博多/貝・魚介系,3.73,,看板の豚骨魚介つけ麺、限定も人気,https://tabelog.com/ramen/tokyo/A1309/rank,,JR中央・総武線 / 有楽町・南北線 / 都営新宿線
麺屋 彩音（Sign）,東京都,品川区,品川区・五反田駅,ラーメン,その他・創作,3.73,,日本酒ペアリングで注目,https://tabelog.com/ramen/tokyo/A1316/A131603/rank,,JR山手 / 都営浅草線
博多ラーメン ばりこて,東京都,杉並区,杉並区・東高円寺駅,博多豚骨,豚骨・博多,3.73,,低加水極細麺＋マイルド豚骨,https://tabelog.com/tokyo/A1319/A131904/13009232,,丸ノ内線
中華そばの店 みのひ,東京都,板橋区,板橋区・志村坂上駅,中華そば,醤油・中華そば,3.73,,エリア4位,https://tabelog.com/ramen/tokyo/A1322/A132205/rank,,都営三田線
おおぜき中華そば店,東京都,渋谷区,渋谷区・恵比寿駅,醤油（無化調・清湯）,醤油・中華そば,3.73,,完成度の高さで定評,https://tabelog.com/tokyo/A1303/A130302/13147623,,JR山手・埼京・湘南新宿 / 日比谷線
中華そば いづる,東京都,港区,港区・浜松町駅,煮干し中華そば,煮干し/醤油・中華そば,3.73,,香り高い煮干し,https://tabelog.com/ramen/tokyo/A1314/A131401/rank,,JR / 都営浅草・大江戸線
麺処 花田 池袋店,東京都,豊島区,豊島区・池袋駅,味噌,味噌,3.73,,東口を代表する濃厚味噌,https://tabelog.com/tokyo/A1305/A130501/13109890,,JR各線 / 丸ノ内・有楽町・副都心線
つけめん さなだ（千住本店）,東京都,足立区,足立区・北千住駅,つけ麺,つけ麺,3.73,,大山鶏の濃厚つけ汁＋開化楼製太麺、北千住1位／西口5分,https://tabelog.com/tokyo/A1324/A132402/13240344,,JR常磐線 / 千代田線・日比谷線
つけ麺 和 東京本店,東京都,足立区,足立区・竹ノ塚駅,つけ麺,つけ麺,3.73,百名店,無化調の濃厚豚鶏魚介＋極太麺／駅140m・月休,https://tabelog.com/tokyo/A1324/A132404/R5919/rstLst/ramen,Mon,東武スカイツリーライン
Tombo（トンボ）,東京都(多摩),吉祥寺・三鷹・小金井,吉祥寺・三鷹・小金井・吉祥寺駅,ラーメン（創作）,その他・創作,3.73,,鶏豚魚介のトリプルスープ、TRY新人賞,https://tabelog.com/ramen/tokyo/A1320/A132001/rank,,JR中央・総武線 / 京王井の頭線
くじら食堂 nonowa 東小金井店,東京都(多摩),吉祥寺・三鷹・小金井,吉祥寺・三鷹・小金井・東小金井駅,ラーメン（自家製麺）,その他・創作,3.73,,打ち立て手揉み太麺×清湯、行列必至、駅直結,https://tabelog.com/tokyo/A1325/A132501/13226407,,JR中央・総武線
ヌードルズキッチン ガナーズ,神奈川県,川崎市北部,川崎市北部・武蔵小杉駅,創作系,その他・創作,3.73,百名店,百名店2025の創作ラーメン,https://tabelog.com/ramen/kanagawa/A1405/A140504/rank,,JR南武・横須賀 / 東急東横・目黒線 / 東急
煮干しらーめん 田中にぼる,神奈川県,川崎市北部,川崎市北部・武蔵中原駅 / 武蔵新城駅,淡麗煮干し,煮干し,3.73,百名店,武蔵新城の名店、百名店2025,https://tabelog.com/ramen/kanagawa/A1405/A140504/rank,,JR南武線
弘明寺丿貫,神奈川県,横浜中心部,横浜中心部,濃厚煮干・創作,煮干し,3.73,百名店,丿貫系の人気店、カニチーノ等,https://tabelog.com/kanagawa/A1401/A140306/14068127,,
ShiNaChiKu亭,神奈川県,横浜中心部,横浜中心部,昆布水・淡麗醤油/塩,塩/醤油・中華そば,3.73,,無化調、鶏と昆布の淡麗（反町・東神奈川）,https://tabelog.com/ramen/kanagawa/A1401/A140205/rank,,
川の先の上,神奈川県,横浜中心部,横浜中心部,自家製麺（味噌・塩・醤油）,味噌/塩/醤油・中華そば,3.73,,TRY受賞歴、濃厚味噌が名物,https://tabelog.com/ramen/kanagawa/A1401/A140307/rank,,
利尻らーめん味楽 新横浜ラーメン博物館店,神奈川県,横浜北部,横浜北部・新横浜駅,塩,塩,3.73,百名店,利尻昆布の透明スープ（ラー博内）,https://tabelog.com/ramen/kanagawa/A1401/A140206/rank,,JR横浜線・新幹線 / ブルーライン / 相鉄・東急直通
ラーメン二郎 湘南藤沢店,神奈川県,湘南・県西,湘南・県西・藤沢駅,二郎系,二郎・二郎系,3.73,,湘南随一の二郎、極太麺・ボリューム満点,https://tabelog.com/ramen/kanagawa/A1404/A140404/rank,,JR東海道 / 小田急江ノ島線 / 江ノ電
家系ラーメン クックら,神奈川県,県央・相模原,県央・相模原・相模大野駅,家系,家系,3.73,,エリア最高評価の家系人気店、駅447m,https://tabelog.com/kanagawa/A1407/A140701/R4256/rstLst/ramen,,小田急小田原・江ノ島線
ラーメン二郎 松戸駅前店,千葉県,松戸・柏,松戸・柏・松戸駅,二郎系,二郎・二郎系,3.72,,松戸駅近の二郎,https://tabelog.com/ramen/chiba/A1203/A120302/rank,,JR常磐線 / 新京成線
中華そば榮田,千葉県,松戸・柏,松戸・柏・柏駅,中華そば,醤油・中華そば,3.72,,上品な醤油中華そばの実力店、柏3位,https://tabelog.com/ramen/chiba/A1203/A120301/rank,,JR常磐線 / 東武アーバンパークライン
赤坂味一,千葉県,船橋・習志野,船橋・習志野・船橋駅,中華そば,醤油・中華そば,3.72,,京成船橋の老舗・地元定番、あっさり醤油、エリア最上位級,https://tabelog.com/chiba/A1202/A120201/12000108,,JR総武線 / 東武アーバンパークライン / 京成本線
麺屋 永太（えいた）,埼玉県,川口・蕨・戸田,川口・蕨・戸田・蕨駅,つけ麺・あっさり醤油,つけ麺/醤油・中華そば,3.72,,蕨の顔、醤油清湯と濃厚つけ麺の二枚看板,https://tabelog.com/saitama/A1102/A110202/R10733/rstLst/ramen,,JR京浜東北線
ラーメン二郎 越谷店,埼玉県,越谷・草加・春日部,越谷・草加・春日部・越谷駅,二郎系,二郎・二郎系,3.72,,醤油の効いた非乳化スープ・極太柔麺、駅257m,https://tabelog.com/saitama/A1102/A110203/R3982/rstLst/ramen,,東武スカイツリーライン
中華そば 馥（かおる）,埼玉県,越谷・草加・春日部,越谷・草加・春日部・草加駅,中華そば・つけ麺,つけ麺/醤油・中華そば,3.72,,喜多方系の豚骨＋塩あっさり、ラーメンWalker埼玉銅賞、獨協大学前4分,https://tabelog.com/saitama/A1102/A110203/11040443,,東武スカイツリーライン
めん和正,東京都,世田谷区,世田谷区・三軒茶屋駅,中華そば,醤油・中華そば,3.72,,エリア1位、バランス型の完成度,https://tabelog.com/ramen/tokyo/A1317/A131706/rank,,東急田園都市線 / 世田谷線
中華そば たた味,東京都,中央区,中央区・小伝馬町駅,醤油（スタミナ）,醤油・中華そば,3.72,,青森あさり系インスパイア、生卵の濃厚醤油、行列,https://tabelog.com/tokyo/A1302/A130204/13257325,,日比谷線
麺家 たいせい,東京都,中野区,中野区・中野坂上駅,鶏×醤油（中華そば）,醤油・中華そば,3.72,,「武道家 龍」店主の独立店／駅徒歩1分,https://tabelog.com/tokyo/A1319/A131903/13282456,,東京メトロ丸ノ内線 / 都営大江戸線
我的中華そば 机上の空論。,東京都,北区,北区・東十条駅,王道中華そば・煮干し,煮干し/醤油・中華そば,3.72,,「田中商店」系で修業,https://ramen.walkerplus.com/tv/191,,JR京浜東北
王道家直系 IEKEI TOKYO,東京都,台東区,台東区・上野広小路駅,家系,家系,3.72,,王道家直系の濃厚豚骨醤油（末広町寄り）,https://tabelog.com/ramen/tokyo/A1311/rank,,銀座線 / 都営大江戸線 / 日比谷線
Craft Ramen BiT,東京都,台東区,台東区・入谷駅,ラーメン,その他・創作,3.72,,入谷・鶯谷の高評価新鋭,https://tabelog.com/ramen/tokyo/A1311/A131104/rank,,東京メトロ日比谷線
大井町 立食い中華蕎麦 いりこ屋,東京都,品川区,品川区・大井町駅,煮干し（立ち食い）,煮干し,3.72,,端正ないりこ淡麗,https://tabelog.com/tokyo/A1315/A131501/13292645,,JR京浜東北 / りんかい線
ラーメン 環2家 蒲田店,東京都,大田区,大田区・蒲田駅,家系（直系）,家系,3.72,,直系の貫禄,https://tabelog.com/ramen/tokyo/A1315/A131503/rank,,JR京浜東北 ほか / 京急本線・空港線
こいけのいえけい,東京都,文京区,文京区・千石駅,上品系・家系,家系,3.72,,「とても上品な家系」、1000円以下（巣鴨寄り）,https://tabelog.com/tokyo/C13105/C36306/rstLst/ramen,,都営三田線
中華そば 葉山,東京都,新宿区,新宿区・牛込柳町駅,醤油（青竹手打ち）,醤油・中華そば,3.72,,注文ごとに青竹で打つ自家製縮れ麺,https://tabelog.com/tokyo/A1309/A130903/13174173,,都営大江戸線
アサガキタ,東京都,杉並区,杉並区・阿佐ケ谷駅,白河手打ち中華,ご当地・地域系,3.72,,北口1分、淡麗醤油＋手打ち縮れ麺,https://tabelog.com/ramen/tokyo/A1319/A131905/rank,,JR中央・総武線
麺屋 はやしまる,東京都,杉並区,杉並区・高円寺駅,煮干しつけ麺,煮干し/つけ麺,3.72,,濃厚煮干しつけ麺,https://tabelog.com/tokyo/A1319/A131904/13006636,,JR中央・総武線
らあめん 元（はじめ）,東京都,板橋区,板橋区・蓮根駅,特製塩ラーメン,塩,3.72,,鶏清湯の淡麗塩、区内トップクラス／駅すぐ,https://tabelog.com/tokyo/A1322/A132205/13090786,,都営三田線
愚直（ぐちょく）,東京都,板橋区,板橋区・中板橋駅,とんこつ専門,豚骨・博多,3.72,,全粒粉自家製麺・釜焼チャーシュー、看板を出さない行列店／南口8分,https://tabelog.com/tokyo/A1322/A132203/13043552,,東武東上線
北大塚ラーメン,東京都,豊島区,豊島区・大塚駅,中華そば（醤油）,醤油・中華そば,3.72,,昔ながらの中華そば、地元の定番,https://tabelog.com/tokyo/A1323/A132302/13113229,,JR山手線
中華そば みたか,東京都(多摩),吉祥寺・三鷹・小金井,吉祥寺・三鷹・小金井・三鷹駅,中華そば,醤油・中華そば,3.72,,地元で愛される正統派,https://tabelog.com/ramen/tokyo/A1320/A132002/rank,,JR中央・総武線
中華そば 一清（いっせい）,東京都(多摩),吉祥寺・三鷹・小金井,吉祥寺・三鷹・小金井・武蔵小金井駅,鶏清湯,醤油・中華そば,3.72,,鶏＋昆布鰹の繊細スープ、塩/醤油、武蔵小金井最高評価級,https://tabelog.com/ramen/tokyo/A1325/A132501/rank,,JR中央・総武線
町田汁場 しおらーめん進化 町田駅前店,東京都(多摩),町田,町田・町田駅,塩ラーメン,塩,3.72,,鶏・魚介・昆布・貝の上品な塩＋自家製麺、JR町田5分,https://tabelog.com/tokyo/A1327/A132701/13245319,,JR横浜線 / 小田急小田原線
麺小屋 てち,神奈川県,川崎市北部,川崎市北部・武蔵中原駅 / 武蔵新城駅,まぜそば・豚骨魚介,豚骨・博多/貝・魚介系/油そば・まぜそば・汁なし,3.72,百名店,百名店2025,https://tabelog.com/ramen/kanagawa/A1405/A140504/rank,,JR南武線
ラーメン二郎 京急川崎店,神奈川県,川崎市南部,川崎市南部・川崎駅,二郎系,二郎・二郎系,3.72,百名店,南部唯一の直系二郎、京急川崎至近,https://tabelog.com/ramen/kanagawa/A1405/A140501/rank,,JR東海道・南武・京浜東北 / 京急本線
三三㐂（さんさんなき）,神奈川県,川崎市南部,川崎市南部・八丁畷駅,つけ麺,つけ麺,3.72,百名店,濃厚魚介豚骨×極太麺、川崎エリア1位、八丁畷至近,https://tabelog.com/kanagawa/A1405/A140502/R7953/rstLst/ramen,,JR南武支線・京急本線
麺処 にぼし香 アソビル店,神奈川県,横浜中心部,横浜中心部,濃厚煮干し,煮干し,3.72,百名店,旧「横濱丿貫」、横浜駅東口アソビル1F,https://tabelog.com/kanagawa/A1401/A140101/14075484,,
横浜ラーメン 田上家,神奈川県,横浜中心部,横浜中心部,家系,家系,3.72,百名店,弘明寺の人気家系,https://tabelog.com/ramen/kanagawa/A1401/A140306/rank,,
自家製麺 二丁目ラーメン,神奈川県,県央・相模原,県央・相模原・橋本駅,濃厚豚骨,豚骨・博多,3.72,,自家製麺のこってり系、トロトロチャーシュー、駅275m,https://tabelog.com/kanagawa/A1407/A140701/R7881/rstLst/ramen,,JR横浜線・相模線 / 京王相模原線
肉煮干中華そば 鈴木ラーメン店,神奈川県,県央・相模原,県央・相模原・相模大野駅,背脂煮干し,煮干し,3.72,,肉煮干中華そばの実力店、駅201m,https://tabelog.com/kanagawa/A1407/A140701/R4256/rstLst/ramen,,小田急小田原・江ノ島線
ラーメン二郎 相模大野店,神奈川県,県央・相模原,県央・相模原・相模大野駅,二郎系,二郎・二郎系,3.72,,言わずと知れた二郎、駅504m,https://tabelog.com/kanagawa/A1407/A140701/R4256/rstLst/ramen,,小田急小田原・江ノ島線
ラーメン二郎 千葉店,千葉県,千葉市,千葉市・千葉駅,二郎系,二郎・二郎系,3.71,,千葉の二郎、ボリューム満点（葭川公園寄り・千葉駅圏）,https://tabelog.com/ramen/chiba/A1201/A120101/rank,,JR各線 / 千葉都市モノレール / 京成
狼煙 本店,埼玉県,さいたま市北部,さいたま市北部・鉄道博物館,濃厚魚介つけ麺,つけ麺/貝・魚介系,3.71,,埼玉屈指のつけ麺の総本店、鉄道博物館7〜8分が最寄り,https://tabelog.com/saitama/A1101/A110101/R1811/rstLst/ramen,,大成 / ニューシャトル / 東武アーバンパークライン
ゴールデンタイガー,埼玉県,埼玉,埼玉・熊谷駅,TKM（卵かけ麺）・つけ麺,つけ麺,3.71,,TKM発祥として全国的に話題、本町・駅6分・水休,https://tabelog.com/saitama/A1105/A110501/11046681,Wed,JR高崎・宇都宮 / 秩父鉄道
中華蕎麦 瑞山（ずいざん）,埼玉県,川越・東武東上線,川越・東武東上線・朝霞駅,淡麗塩・醤油,塩/醤油・中華そば,3.71,百名店,鶏だし塩が絶品、朝霞南口7分,https://tabelog.com/saitama/A1103/A110301/11024713,,東武東上線 / 東武東上線・JR武蔵野線
中華そば 千乃鶏（せんのとり）,東京都,世田谷区,世田谷区・池尻大橋駅,鶏清湯中華そば,醤油・中華そば,3.71,,醤油/塩選択可、千里眼出身,https://tabelog.com/ramen/tokyo/A1317/A131705/rank,,東急田園都市線
日本橋 製麺庵 なな蓮,東京都,中央区,中央区・三越前駅,醤油（支那そば）,醤油・中華そば,3.71,,無化調・自家製麺の支那そば／支那つけそば,https://tabelog.com/tokyo/A1302/A130202/13162497,,銀座・半蔵門線 / JR総武快速
麺処 にぼし香 水天宮前店,東京都,中央区,中央区・水天宮前駅,煮干し,煮干し,3.71,,動物系不使用の純煮干し専門,https://tabelog.com/tokyo/A1302/A130204/13290632,,半蔵門線
麺 高はし,東京都,北区,北区・赤羽駅,つけ麺・ラーメン,つけ麺,3.71,,赤羽岩淵296m,https://tabelog.com/ramen/tokyo/A1323/A132305/rank,,JR京浜東北・宇都宮・高崎・湘南新宿・埼京 / 南北線
神保町 可以（クーイー）,東京都,千代田区,千代田区・九段下駅,ラーメン,その他・創作,3.71,,九段下〜神保町徒歩圏の高評価店,https://tabelog.com/ramen/tokyo/A1310/A131003/rank,,東西・半蔵門線 / 都営新宿線
井田商店,東京都,品川区,品川区・荏原中延駅,背脂醤油,醤油・中華そば,3.71,,看板「背脂醤油らぁめん」／駅3分,https://tabelog.com/ramen/tokyo/A1317/A131712/rank,,東急池上線
ラーメン二郎 品川店,東京都,品川区,品川区・北品川駅,二郎系,二郎・二郎系,3.71,,直系の人気店／北品川410m,https://tabelog.com/tokyo/A1314/A131405/R3131/rstLst/ramen,,京急本線
のスた 本店,東京都,品川区,品川区・戸越銀座駅,二郎系・淡麗塩（日替り）,二郎・二郎系/塩,3.71,,2024年に大井町から下神明へ移転、中毒性の高い人気店,https://tabelog.com/tokyo/A1317/A131712/13296505,,東急池上線 / 東急大井町線
麺や 佐市,東京都,墨田区,墨田区・錦糸町駅,牡蠣ラーメン・つけ麺,つけ麺/貝・魚介系,3.71,,広島産牡蠣の濃厚出汁専門／北口2分,https://tabelog.com/tokyo/A1312/A131201/13147184,,JR総武線 / 半蔵門線
本枯中華そば 魚雷,東京都,文京区,文京区・後楽園駅,中華そば・つけ麺,つけ麺/醤油・中華そば,3.71,,本枯節をサイフォン抽出する唯一無二／春日A6至近,https://tabelog.com/tokyo/A1310/A131004/13103739,,丸ノ内・南北線 / 都営三田・大江戸線
麺処 一笑,東京都,杉並区,杉並区・南阿佐ケ谷駅,豚骨,豚骨・博多,3.71,,"具を別盛りし""スープと麺""で勝負",https://tabelog.com/tokyo/A1319/A131905/13190790,,丸ノ内線
らぁ麺やまぐち 辣式 本店,東京都,江東区,江東区・東陽町駅,塩・醤油＋汁なし担々麺,担々麺・四川・麻婆/油そば・まぜそば・汁なし/塩/醤油・中華そば,3.71,百名店,駅1分,https://tabelog.com/tokyo/A1313/A131303/13186890,,東西線
yagu-noodle,東京都,江東区,江東区・住吉駅,ラーメン・担々麺,担々麺・四川・麻婆,3.71,,区内トップクラス,https://tabelog.com/tokyo/C13108/rstLst/ramen,,半蔵門線 / 都営新宿線
らぁ麺 花筏（はないかだ）,東京都,江東区,江東区・亀戸水神駅,鶏淡麗,その他・創作,3.71,,鶏主体の特製らぁ麺、炭火薫香チャーシュー、2024年開業の話題店／駅9分・月火休,https://tabelog.com/tokyo/A1312/A131202/13301276,Mon;Tue,東武亀戸線
麺や みかん,東京都,目黒区,目黒区・中目黒駅,中華そば（ネオクラシック）,醤油・中華そば,3.71,,豚・鶏＋出汁の鶏醤油、上品な一杯／東口6分,https://tabelog.com/tokyo/A1317/A131701/13295731,,日比谷線 / 東急東横線
ラーメン二郎 千住大橋駅前店,東京都,足立区,足立区・千住大橋駅,二郎系,二郎・二郎系,3.71,,キレのある非乳化醤油＋デロ麺／駅29m・昼のみ/木土日祝休,https://tabelog.com/tokyo/A1324/A132402/R5560/rstLst/ramen,Thu;Sat;Sun,京成本線 / 京成本線 / 舎人ライナー
みんみんラーメン 本店,東京都(多摩),八王子・日野・多摩,八王子・日野・多摩・西八王子駅,八王子ラーメン,その他・創作,3.71,,1982年創業、八王子ラーメンの代名詞、刻み玉ねぎの真髄,https://tabelog.com/ramen/tokyo/A1329/A132904/rank,,JR中央線
らぁめん 信,東京都(多摩),町田,町田・町田駅,醤油・塩,塩/醤油・中華そば,3.71,,評価の高い人気店（町田・古淵）,https://tabelog.com/ramen/tokyo/A1327/A132701/rank,,JR横浜線 / 小田急小田原線
元祖一条流 がんこラーメン 立川たま館分店,東京都(多摩),立川・国立・国分寺・昭島,立川・国立・国分寺・昭島・立川駅,こってり煮干し豚骨魚介,煮干し/豚骨・博多/貝・魚介系,3.71,,「がんこ総本家」直系、駅至近「らーめんたま館」内,https://tabelog.com/tokyo/A1329/A132901/13263959,,JR中央・南武・青梅線 / 多摩モノレール
横濱家系ラーメン 勝鬨家,神奈川県,横浜中心部,横浜中心部,家系,家系,3.71,百名店,朝から営業の正統派家系,https://tabelog.com/ramen/kanagawa/A1401/A140104/rank,,
麺や魁星,神奈川県,横浜中心部,横浜中心部,ラーメン,その他・創作,3.71,百名店,百名店2025選出の実力店,https://tabelog.com/ramen/kanagawa/A1401/A140104/rank,,
横浜家系ラーメン 黄金家,神奈川県,横浜中心部,横浜中心部,家系,家系,3.71,百名店,パンチのある豚骨醤油（阪東橋・黄金町）,https://tabelog.com/ramen/kanagawa/A1401/A140306/rank,,
麺屋 ぬまた,神奈川県,横浜中心部,横浜中心部,醤油らー麺,醤油・中華そば,3.71,百名店,JR鶴見東口3分、コク深い醤油,https://tabelog.com/ramen/kanagawa/A1401/A140210/rank,,
らーめん くじら軒 横浜本店,神奈川県,横浜北部,横浜北部・センター北駅 / センター南駅 / 仲町台駅,醤油,醤油・中華そば,3.71,百名店,港北ニュータウンの名店（センター北/中川）,https://tabelog.com/ramen/kanagawa/A1401/A140203/rank,,ブルーライン・グリーンライン
らーめん 雅楽（GARAKU）,神奈川県,横浜北部,横浜北部・あざみ野駅,味噌,味噌,3.71,百名店,濃厚味噌・ごまみそ担々麺（あざみ野/たまプラ）,https://tabelog.com/ramen/kanagawa/A1401/A140201/rank,,東急田園都市線 / ブルーライン
めん処 樹,神奈川県,横浜南西部,横浜南西部・天王町駅 / 星川駅,節系中華そば,醤油・中華そば,3.71,,極上スープと絶品チャーシュー（天王町・星川）,https://tabelog.com/ramen/kanagawa/A1401/A140301/rank,,相鉄本線
鮮魚鶏出汁麺 沢むら,神奈川県,湘南・県西,湘南・県西・藤沢駅,ラーメン（鮮魚×鶏）,その他・創作,3.71,,鮮魚と鶏出汁の淡麗系、藤沢の実力新店,https://tabelog.com/ramen/kanagawa/A1404/A140404/rank,,JR東海道 / 小田急江ノ島線 / 江ノ電
煮干しらぁめん 猫トラ亭,神奈川県,県央・相模原,県央・相模原・大和駅,煮干し,煮干し,3.71,,淡麗煮干し系の人気店（大和/鶴間）,https://tabelog.com/ramen/kanagawa/A1407/A140702/rank,,小田急江ノ島線 / 相鉄本線
中華そば 幻六（げんろく）,埼玉県,川越・東武東上線,川越・東武東上線・朝霞駅,醤油（蛤Wスープ）,貝・魚介系/醤油・中華そば,3.7,,朝霞台南口1分、特製醤油そばの行列店,https://tabelog.com/saitama/A1103/A110301/11035642,,東武東上線 / 東武東上線・JR武蔵野線
支那麺 はしご 本店,東京都,中央区,中央区・銀座駅,担々麺,担々麺・四川・麻婆,3.7,,銀座の担々麺の名店、排骨も看板,https://tabelog.com/tokyo/A1301/A130101/13092185,,銀座・丸ノ内・日比谷線 / 有楽町線
中華そば 共楽,東京都,中央区,中央区・銀座駅,醤油,醤油・中華そば,3.7,,東京クラシックな中華そばの老舗（銀座一丁目）,https://tabelog.com/tokyo/A1301/A130101/13002327,,銀座・丸ノ内・日比谷線 / 有楽町線
自家製麺 伊藤 銀座店,東京都,中央区,中央区・東銀座駅,煮干し（肉そば）,煮干し,3.7,ビブグルマン,最高級煮干しの肉そば、ビブグルマン歴,https://tabelog.com/tokyo/A1301/A130101/13164387,,日比谷線 / 都営浅草線
麺 やまらぁ,東京都,中央区,中央区・人形町駅,魚介系,貝・魚介系,3.7,,濃厚魚介系の人気店,https://tabelog.com/tokyo/A1302/A130204/13104793,,日比谷線 / 都営浅草線
あいだや,東京都,台東区,台東区・上野広小路駅,つけ麺,つけ麺,3.7,,4種から選べる「2種つけ麺」、和牛飯も,https://tabelog.com/tokyo/A1311/A131101/13288181,,銀座線 / 都営大江戸線 / 日比谷線
ろく月,東京都,台東区,台東区・浅草橋駅,ラーメン,その他・創作,3.7,,浅草橋の高評価店,https://tabelog.com/ramen/tokyo/A1311/A131103/rank,,JR総武線 / 都営浅草線
生粋 花のれん,東京都,文京区,文京区・茗荷谷駅,淡麗（鶏清湯）,醤油・中華そば,3.7,ビブグルマン,地鶏＋羅臼昆布の無化調清湯／ビブグルマン東京2021,https://tabelog.com/tokyo/A1323/A132302/13184374,,丸ノ内線
横濱ラーメン あさが家 本店,東京都,杉並区,杉並区・阿佐ケ谷駅,家系,家系,3.7,,安定の家系豚骨醤油,https://tabelog.com/ramen/tokyo/A1319/A131905/rank,,JR中央・総武線
中華そば 麺壁九年,東京都,杉並区,杉並区・井荻駅,中華そば（Wスープ）,醤油・中華そば,3.7,,ブランド鶏＋節・アゴ煮干し／駅2分,https://tabelog.com/tokyo/A1321/A132105/13245329,,西武新宿線
麺や 麟子鳳雛,東京都,杉並区,杉並区・上井草駅,鶏魚介清湯,貝・魚介系/醤油・中華そば,3.7,,「麺壁九年」系列2号店、生姜＋平打麺／南口1分,https://tabelog.com/tokyo/A1321/A132105/13273311,,西武新宿線
自家製麺 No11,東京都,板橋区,板橋区・大山駅,二郎系,二郎・二郎系,3.7,,富士丸系譜、連日行列／大山〜下板橋圏・無休,https://tabelog.com/tokyo/A1322/A132201/13236620,,東武東上線
ラーメン二郎 小岩店,東京都,江戸川区,江戸川区・小岩駅,二郎系,二郎・二郎系,3.7,,非乳化・醤油、平日昼のみで連日行列,https://tabelog.com/ramen/tokyo/A1312/A131204/rank,,JR総武線
らーめん とうかんや,東京都,江戸川区,江戸川区・一之江駅 / 江戸川区・瑞江駅,味噌・塩・カレーつけ麺,つけ麺/味噌/塩,3.7,,TRYラーメン大賞受賞、自家製麺(一之江〜瑞江),https://tabelog.com/tokyo/A1312/A131205/13260623,,都営新宿線
ラーメン二郎 環七一之江店,東京都,江戸川区,江戸川区・一之江駅,二郎系,二郎・二郎系,3.7,,環七沿いの人気店,https://tabelog.com/ramen/tokyo/A1312/A131205/rank,,都営新宿線
麺恋処 いそじ,東京都,渋谷区,渋谷区・代々木駅 / 渋谷区・代々木公園駅,醤油（和風中華そば）,醤油・中華そば,3.7,,魚粉・柚子の和風中華そば、代々木エリア1位,https://tabelog.com/ramen/tokyo/A1304/A130403/rank,,JR山手・中央総武緩行 / 都営大江戸線 / 東京メトロ千代田線
味噌らーめん 柿田川 ひばり 恵比寿本店,東京都,渋谷区,渋谷区・恵比寿駅,味噌（濃厚辛味噌）,味噌,3.7,,濃厚な辛味噌,https://tabelog.com/tokyo/A1303/A130302/13254802,,JR山手・埼京・湘南新宿 / 日比谷線
背脂煮干中華そば 和市,東京都,港区,港区・新橋駅,背脂煮干し中華そば,煮干し/醤油・中華そば,3.7,,背脂煮干しの一杯,https://tabelog.com/ramen/tokyo/A1301/A130103/rank,,JR各線 / 銀座線 / 都営浅草線 / 都営大江戸線
博多ラーメン 和,東京都,港区,港区・赤坂駅,豚骨,豚骨・博多,3.7,,自家炊き濃厚とんこつ／赤坂1番出口2分,https://tabelog.com/ramen/tokyo/A1308/A130801/rank,,千代田線 / 銀座・丸ノ内線
Ramen 翡翠（ひすい）,東京都,港区,港区・赤坂駅,ラーメン,その他・創作,3.7,,エリア上位の実力店,https://tabelog.com/ramen/tokyo/A1308/A130801/rank,,千代田線 / 銀座・丸ノ内線
釜玉中華そば ナポレオン軒,東京都,目黒区,目黒区・都立大学駅,汁なし（釜玉）,油そば・まぜそば・汁なし,3.7,,名物「釜玉中華そば」で全国的に有名,https://tabelog.com/ramen/tokyo/A1317/A131702/rank,,東急東横線
RAMEN GOTTSU,東京都,練馬区,練馬区・練馬駅,煮干鰹（淡麗〜濃厚）,煮干し/貝・魚介系,3.7,ビブグルマン;百名店,節と煮干しの洗練系、区内随一／中央口3-4分,https://tabelog.com/tokyo/A1321/A132102/13153294,,都営大江戸線
珍々亭（ちんちんてい）,東京都(多摩),吉祥寺・三鷹・小金井,吉祥寺・三鷹・小金井・武蔵境駅,油そば,油そば・まぜそば・汁なし,3.7,,1957年創業、「武蔵野系油そば」発祥の老舗,https://tabelog.com/tokyo/A1320/A132003/13005922,,JR中央・総武線 / 西武多摩川線
らーめん愉悦処 鏡花（きょうか）,東京都(多摩),立川・国立・国分寺・昭島,立川・国立・国分寺・昭島・立川駅,ラーメン・つけ麺（無化調）,つけ麺,3.7,,72時間炊いた贅沢スープ、立川No.1の声,https://tabelog.com/tokyo/A1329/A132901/13005986,,JR中央・南武・青梅線 / 多摩モノレール
麺食堂くにを,東京都(多摩),立川・国立・国分寺・昭島,立川・国立・国分寺・昭島・国分寺駅,ラーメン（清湯系）,醤油・中華そば,3.7,,国分寺の高評価店,https://tabelog.com/ramen/tokyo/A1325/A132502/rank,,JR中央線
めだかタンタン,東京都(多摩),立川・国立・国分寺・昭島,立川・国立・国分寺・昭島・昭島駅,担々麺,担々麺・四川・麻婆,3.7,,昭島・拝島エリア1位の担々麺専門（東中神・中神・西立川）,https://tabelog.com/ramen/tokyo/A1329/A132902/rank,,JR青梅線 / JR青梅線
麺屋 瑞風（みずかぜ）,東京都(多摩),西東京・小平・東久留米・東村山・清瀬,西東京・小平・東久留米・東村山・清瀬・田無駅,鶏白湯,鶏白湯,3.7,,とろみのあるまろやか鶏白湯、田無トップ、5席・木金休,https://tabelog.com/tokyo/A1328/A132801/13194366,Thu;Fri,西武新宿線
ラーメン二郎 一橋学園店,東京都(多摩),西東京・小平・東久留米・東村山・清瀬,西東京・小平・東久留米・東村山・清瀬・花小金井駅,二郎系（直系）,二郎・二郎系,3.7,,乳化豚骨＋極太ゴワ麺、駅79m・木休,https://tabelog.com/tokyo/A1328/A132804/R8475/rstLst/ramen,Thu,西武新宿線 / 西武多摩湖線 / 西武新宿・拝島線
麺匠 いしかわや,東京都(多摩),調布・府中・狛江,調布・府中・狛江・調布駅,清湯醤油・塩,塩/醤油・中華そば,3.7,,「柴崎亭」系列の洗練された一杯、国領3分,https://tabelog.com/tokyo/A1326/A132601/13224781,,京王線・相模原線 / 京王線
中華そば ふくみみ,東京都(多摩),調布・府中・狛江,調布・府中・狛江・分倍河原駅,クラシカル醤油,醤油・中華そば,3.7,百名店,旧店で百名店4年連続、昼のみ・行列（現店は駅15分）,https://tabelog.com/tokyo/A1326/A132602/13266199,,京王線・JR南武線 / JR南武・武蔵野線
ラーメン丸仙,神奈川県,川崎市北部,川崎市北部・武蔵小杉駅,支那そば,醤油・中華そば,3.7,百名店,1973年創業の地元ソウルフード、名古屋コーチン,https://tabelog.com/kanagawa/A1405/A140504/14002807,,JR南武・横須賀 / 東急東横・目黒線 / 東急
まっち棒 溝の口店,神奈川県,川崎市北部,川崎市北部・溝の口駅 / 武蔵溝ノ口駅,紀州和歌山ラーメン,ご当地・地域系,3.7,百名店,豚骨醤油・細麺、区内1位・南口すぐ,https://tabelog.com/kanagawa/A1405/A140505/14006090,,東急田園都市線・JR南武線
ラーメン二郎 生田駅前店,神奈川県,川崎市北部,川崎市北部・登戸駅 / 向ヶ丘遊園駅,二郎系,二郎・二郎系,3.7,,二郎直系、生田駅前・区内1位,https://tabelog.com/ramen/kanagawa/A1405/A140506/rank,,JR南武・小田急 / 小田急
ラーメン 環2家 川崎店,神奈川県,川崎市南部,川崎市南部・川崎駅,家系,家系,3.7,百名店,横浜「環2家」のれん分け、濃厚豚骨醤油,https://tabelog.com/ramen/kanagawa/A1405/A140501/rank,,JR東海道・南武・京浜東北 / 京急本線
麺場 浜虎,神奈川県,横浜中心部,横浜中心部・横浜駅,魚介醤油・鶏白湯,鶏白湯/貝・魚介系/醤油・中華そば,3.7,百名店,鶏白湯と醤油の二枚看板,https://tabelog.com/ramen/kanagawa/A1401/A140101/rank,,JR・東急・京急・相鉄・市営地下鉄・みなとみらい線
SCLabo（エスシーラボ）,千葉県,千葉市,千葉市・千葉駅,煮干し系,煮干し,3.69,,煮干しを軸にした実力派（千葉中央圏）,https://tabelog.com/ramen/chiba/A1201/A120101/rank,,JR各線 / 千葉都市モノレール / 京成
ラーメン 杉田家 千葉駅前店,千葉県,千葉市,千葉市・千葉駅,家系,家系,3.69,,吉村家直系の本格横浜家系,https://tabelog.com/ramen/chiba/A1201/A120101/rank,,JR各線 / 千葉都市モノレール / 京成
ラーメン BooBoo太郎。,千葉県,千葉市,千葉市・本千葉駅,ラーメン・油そば,油そば・まぜそば・汁なし,3.69,,地元定番、油そば・まぜそばも人気（本千葉）,https://tabelog.com/chiba/A1201/A120101/R9121/rstLst/ramen,,JR外房線 / JR京葉・内房・外房線
ラーメン二郎 柏店,千葉県,松戸・柏,松戸・柏・柏の葉キャンパス駅,二郎系,二郎・二郎系,3.69,,守谷店が移転、複合施設アピエ内で並びやすい,https://tabelog.com/chiba/A1203/A120301/12056350,,つくばエクスプレス
勢得（せいとく）,東京都,世田谷区,世田谷区・千歳船橋駅,つけ麺,つけ麺,3.69,,魚介×豚骨×海老の濃厚つけ汁,https://tabelog.com/ramen/tokyo/A1318/A131813/rank,,小田急
麺処 ほん田 東十条店,東京都,北区,北区・東十条駅,二郎系,二郎・二郎系,3.69,,本店移転後の旧店舗で営業継続／駅5分,https://tabelog.com/tokyo/A1323/A132304/13246568,,JR京浜東北
麺や べらぼう,東京都,千代田区,千代田区・飯田橋駅,ラーメン,その他・創作,3.69,,飯田橋エリア上位の実力店,https://tabelog.com/ramen/tokyo/A1309/rank,,JR中央・総武線 / 東西・有楽町・南北線 / 都営大江戸線
永楽,東京都,品川区,品川区・大井町駅,中華そば（町中華）,醤油・中華そば,3.69,,大井町の老舗,https://tabelog.com/ramen/tokyo/A1315/A131501/rank,,JR京浜東北 / りんかい線
ラーメン珉珉（みんみん）,東京都,墨田区,墨田区・鐘ヶ淵駅,ラーメン（パーコーメン）,その他・創作,3.69,,"""墨田区民の名物""、クセになるパーコーメン／駅5分・火水休",https://tabelog.com/tokyo/A1312/A131203/13017949,Tue;Wed,東武スカイツリーライン
ラーメン二郎 新宿歌舞伎町店,東京都,新宿区,新宿区・新宿駅,二郎系,二郎・二郎系,3.69,,言わずと知れた二郎,https://tabelog.com/ramen/tokyo/A1304/A130401/rank,,JR各線 / 丸ノ内線 / 都営新宿線・大江戸線
麺屋 悠,東京都,新宿区,新宿区・新大久保駅,ラーメン,その他・創作,3.69,,大久保エリア最高点,https://tabelog.com/ramen/tokyo/A1304/A130404/rank,,JR山手線 / JR中央・総武線
麺や べらぼう,東京都,新宿区,新宿区・飯田橋駅,ラーメン,その他・創作,3.69,,神楽坂エリア上位,https://tabelog.com/ramen/tokyo/A1309/A130905/rank,,JR中央・総武線 / 東西・有楽町・南北線 / 都営大江戸線
自家製麺 福は内,東京都,新宿区,新宿区・曙橋駅,つけ麺（濃厚魚介豚骨）,つけ麺/豚骨・博多/貝・魚介系,3.69,,青竹打ち自家製極太麺,https://tabelog.com/ramen/tokyo/A1309/A130903/rank,,都営新宿線 / 丸ノ内線
らぁ麺 鳳仙花,東京都,新宿区,新宿区・西武新宿駅,鶏清湯（金目鯛だし）,貝・魚介系/醤油・中華そば,3.69,,「はやし田」系列、金目鯛のアラを使う上品な一杯／駅1分,https://tabelog.com/tokyo/A1304/A130401/13224521,,西武新宿線
ラーメン二郎 西台駅前店,東京都,板橋区,板橋区・西台駅,二郎系,二郎・二郎系,3.69,,東口高架下,https://tabelog.com/ramen/tokyo/A1322/A132205/rank,,都営三田線
ラーメン二郎 亀戸店,東京都,江東区,江東区・亀戸駅,二郎系,二郎・二郎系,3.69,,激戦区の定番,https://tabelog.com/ramen/tokyo/A1312/A131202/rank,,JR総武線
ラーメンの店 ホープ軒 千駄ヶ谷店,東京都,渋谷区,渋谷区・千駄ヶ谷駅,背脂豚骨醤油,豚骨・博多/醤油・中華そば,3.69,,1960年創業・24時間営業の象徴的老舗,https://tabelog.com/tokyo/A1309/A130901/13021239,,JR中央・総武線
神泉のらぁめん屋 うさぎ,東京都,渋谷区,渋谷区・神泉駅,淡麗醤油・汁なし担々麺,担々麺・四川・麻婆/油そば・まぜそば・汁なし/醤油・中華そば,3.69,,2007年創業の無化調人気店／駅3分・土日祝休,https://tabelog.com/tokyo/A1303/A130301/13041115,Sat;Sun,京王井の頭線
桜台らぁ麺 美志満（みしま）,東京都,練馬区,練馬区・桜台駅,塩・醤油・つけ麺,つけ麺/塩/醤油・中華そば,3.69,,塩ラーメンを追求、桜台エリア最高評価／駅3分,https://tabelog.com/tokyo/C13120/C36830/rstLst/ramen,,西武池袋線
麺屋 ごとう,東京都,豊島区,豊島区・駒込駅,醤油,醤油・中華そば,3.69,,端正な醤油,https://tabelog.com/tokyo/A1323/A132301/13170227,,JR山手線 / 東京メトロ南北線
つけそば 丸長 目白店,東京都,豊島区,豊島区・目白駅,つけそば,つけ麺,3.69,,1954年創業の老舗、11〜14時のみ,https://tabelog.com/tokyo/A1305/A130502/13003851,,JR山手線
塩そば専門店 桑ばら,東京都,豊島区,豊島区・東池袋駅,塩,塩,3.69,,上品な塩そば（池袋寄り）,https://tabelog.com/tokyo/A1305/A130501/13022925,,東京メトロ有楽町線
ラーメン 洞くつ家,東京都(多摩),吉祥寺・三鷹・小金井,吉祥寺・三鷹・小金井・吉祥寺駅,家系,家系,3.69,,吉祥寺の家系老舗、濃厚豚骨醤油＋ライス,https://tabelog.com/ramen/tokyo/A1320/A132001/rank,,JR中央・総武線 / 京王井の頭線
ラーメン二郎 立川店,東京都(多摩),立川・国立・国分寺・昭島,立川・国立・国分寺・昭島・立川駅,二郎系,二郎・二郎系,3.69,,多摩地区の二郎直系、立川南至近の行列店,https://tabelog.com/ramen/tokyo/A1329/A132901/rank,,JR中央・南武・青梅線 / 多摩モノレール
煮干中華そば専門 煮干丸,埼玉県,さいたま市北部,さいたま市北部・大宮駅,煮干し,煮干し,3.68,百名店,セメント色の濃厚煮干し、西口1〜2分、行列,https://tabelog.com/saitama/A1101/A110101/11043682,,JR各線・東武アーバンパークライン・ニューシャトル
自家製麺 竜葵（ほおずき）,埼玉県,川口・蕨・戸田,川口・蕨・戸田・川口駅,鶏そば・自家製麺,その他・創作,3.68,,優しい鶏だしの清湯系「鶏そば」が看板,https://tabelog.com/saitama/A1102/A110201/R2843/rstLst/ramen,,JR京浜東北線
所沢 大勝軒,埼玉県,西武沿線エリア,西武沿線エリア・新所沢駅,つけ麺・ラーメン,つけ麺,3.68,,東池袋系の正統派つけ麺、駅4分・月日休,https://tabelog.com/ramen/saitama/A1106/A110601/rank,Mon;Sun,西武新宿線
麺屋時茂,埼玉県,越谷・草加・春日部,越谷・草加・春日部・草加駅,ラーメン・つけ麺,つけ麺,3.68,,線路沿いの人気店、草加180m・現金のみ,https://tabelog.com/saitama/A1102/A110203/R5604/rstLst/ramen,,東武スカイツリーライン
煮干そば HIMAWARI,東京都,世田谷区,世田谷区・千歳烏山駅,煮干しそば,煮干し,3.68,,煮干し特化,https://tabelog.com/ramen/tokyo/A1318/A131809/rank,,京王線
ラーメン 雷 東京本丸店,東京都,中央区,中央区・東京駅,ラーメン,その他・創作,3.68,,松戸「中華蕎麦とみ田」直営のガッツリ系／グランスタ,https://tabelog.com/tokyo/A1302/A130201/13249452,,八重洲・日本橋口側 / JR各線・丸ノ内線
Homemade Ramen 麦苗 室町（COREDO室町）,東京都,中央区,中央区・三越前駅,醤油,醤油・中華そば,3.68,,地鶏醤油らーめん,https://tabelog.com/tokyo/A1302/A130202/13283979,,銀座・半蔵門線 / JR総武快速
担々麺 ほおずき,東京都,中野区,中野区・中野駅,担々麺,担々麺・四川・麻婆,3.68,,中野を代表する担々麺／北口7分,https://tabelog.com/tokyo/A1319/A131902/13097692,,JR中央・総武線 / 東京メトロ東西線
用心棒,東京都,千代田区,千代田区・九段下駅,二郎系（食べやすい）,二郎・二郎系,3.68,,九段下の人気二郎インスパイア,https://tabelog.com/ramen/tokyo/A1310/A131003/rank,,東西・半蔵門線 / 都営新宿線
ヌードルボウズ n坊,東京都,台東区,台東区・浅草橋駅,淡麗系（魚介）,貝・魚介系,3.68,,魚介出汁の個性派,https://tabelog.com/ramen/tokyo/A1311/A131103/rank,,JR総武線 / 都営浅草線
家系ラーメン まこと家,東京都,品川区,品川区・青物横丁駅,家系（本牧系）,家系,3.68,,"口コミ1,700件超の人気家系",https://tabelog.com/tokyo/A1315/A131501/R84/rstLst/ramen,,京急本線
永楽,東京都,品川区,品川区・青物横丁駅,町中華,その他・創作,3.68,,1956年創業、名物「もやしそば」,https://tabelog.com/tokyo/A1315/A131501/R84/rstLst/ramen,,京急本線
麺響 万蕾（ばんらい）,東京都,墨田区,墨田区・菊川駅,煮干し＋貝（和風醤油・潮）,煮干し/貝・魚介系/醤油・中華そば,3.68,,松戸から移転した実力店、菊川の代表格／駅5分,https://tabelog.com/tokyo/A1312/A131201/13282131,,都営新宿線
青森煮干 和渦製麺,東京都,大田区,大田区・雑色駅,青森系濃厚煮干,煮干し,3.68,,和渦グループ製麺所併設,https://tabelog.com/ramen/tokyo/A1315/A131503/rank,,京急本線
らーめん 護什番,東京都,文京区,文京区・護国寺駅,ラーメン,その他・創作,3.68,,高評価店／駅6分,https://tabelog.com/tokyo/A1323/A132302/13308336,,有楽町線
麺や 百日紅（さるすべり）,東京都,新宿区,新宿区・新宿三丁目駅,つけ麺,つけ麺,3.68,,京王フレンテ新宿三丁目B2F,https://tabelog.com/ramen/tokyo/A1304/A130401/rank,,丸ノ内線・副都心線 / 都営新宿線
佐々木製麺所,東京都,杉並区,杉並区・西荻窪駅,醤油そば,油そば・まぜそば・汁なし/醤油・中華そば,3.68,,特製醤油そばが評判,https://tabelog.com/tokyo/A1319/A131907/13210641,,JR中央・総武線
らぁ麺 旭,東京都,杉並区,杉並区・浜田山駅,ラーメン,その他・創作,3.68,,駅近の高評価店,https://tabelog.com/tokyo/C13115/C36690/rstLst/ramen,,京王井の頭線
拉麺 生姜と肉,東京都,江戸川区,江戸川区・平井駅,長岡系生姜醤油,醤油・中華そば/ご当地・地域系,3.68,,多彩なチャーシューも評判、駅2分,https://tabelog.com/tokyo/A1312/A131202/13286988,,JR総武線
ちばき屋,東京都,江戸川区,江戸川区・葛西駅,支那そば（醤油）,醤油・中華そば,3.68,,昔ながらのあっさり醤油＋細縮れ麺,https://tabelog.com/ramen/tokyo/A1313/A131305/rank,,東京メトロ東西線
麦処 八と丁,東京都,江戸川区,江戸川区・一之江駅,ラーメン,その他・創作,3.68,,一之江の高評価店,https://tabelog.com/ramen/tokyo/A1312/A131205/rank,,都営新宿線
鶏ポタ ラーメン THANK,東京都,港区,港区・浜松町駅 / 港区・芝公園駅・御成門駅,鶏（濃厚鶏ポタ）,その他・創作,3.68,,無化調の濃厚鶏ポタ／大門徒歩2分,https://tabelog.com/ramen/tokyo/A1314/A131401/rank,,JR / 都営浅草・大江戸線 / 都営三田線
BIRI BIRI CRUSH MEN,東京都,練馬区,練馬区・地下鉄赤塚駅,担々麺系,担々麺・四川・麻婆,3.68,,痺れの効いた異色の担担麺,https://tabelog.com/tokyo/A1322/A132204/R1420/rstLst/ramen,,有楽町・副都心線
中華そば 喜富,東京都,豊島区,豊島区・大塚駅,醤油（中華そば）,醤油・中華そば,3.68,,端正な醤油中華そば,https://tabelog.com/tokyo/A1323/A132302/13285496,,JR山手線
ラーメン二郎 めじろ台店,東京都(多摩),八王子・日野・多摩,八王子・日野・多摩・めじろ台駅,二郎系,二郎・二郎系,3.68,,二郎系の人気店,https://tabelog.com/ramen/tokyo/A1329/A132904/rank,,京王高尾線 / JR八高線
中華つけ蕎麦 でき心,東京都(多摩),吉祥寺・三鷹・小金井,吉祥寺・三鷹・小金井・吉祥寺駅,つけ麺,つけ麺,3.68,,上品な和出汁系つけ麺,https://tabelog.com/ramen/tokyo/A1320/A132001/rank,,JR中央・総武線 / 京王井の頭線
たかのちゅめ,東京都(多摩),西東京・小平・東久留米・東村山・清瀬,西東京・小平・東久留米・東村山・清瀬・花小金井駅,創作淡麗ラーメン,その他・創作,3.68,,鶏主体に魚介を重ねた香り構成、花小金井トップ、駅323m・水休,https://tabelog.com/tokyo/A1328/A132804/13279819,Wed,西武新宿線 / 西武多摩湖線 / 西武新宿・拝島線
たけちゃんにぼしらーめん,東京都(多摩),調布・府中・狛江,調布・府中・狛江・調布駅,煮干し中華そば,煮干し/醤油・中華そば,3.68,,調布のソウルフード、化調不使用、東口1分,https://tabelog.com/tokyo/A1326/A132601/13005969,,京王線・相模原線 / 京王線
松戸富田麺業,千葉県,千葉市,千葉市・千葉駅,つけ麺・中華そば,つけ麺/醤油・中華そば,3.67,,「とみ田」系列、濃厚魚介豚骨、ペリエ千葉内,https://tabelog.com/ramen/chiba/A1201/A120101/rank,,JR各線 / 千葉都市モノレール / 京成
三つ由（みつよし）,千葉県,松戸・柏,松戸・柏・北松戸駅 / 馬橋駅 / 新松戸駅,中華そば（清湯醤油）,醤油・中華そば,3.67,,大井町「ajito」店主、鶏・煮干し・あさりの清湯、馬橋7分・火金休,https://tabelog.com/chiba/A1203/A120302/12057090,Tue;Fri,JR常磐線各停・武蔵野線
麺屋 幸生（こうせい）,埼玉県,西武沿線エリア,西武沿線エリア・小手指駅,背脂濃厚味噌,味噌,3.67,,小手指エリア最高評価、駅6分・木休,https://tabelog.com/saitama/A1106/A110601/R4032/rstLst/ramen,Thu,西武池袋線
ジャンプ,埼玉県,越谷・草加・春日部,越谷・草加・春日部・一ノ割駅,まぜそば,油そば・まぜそば・汁なし,3.67,,埼玉の二郎系まぜそば元祖と称される,https://tabelog.com/ramen/saitama/A1102/A110204/rank,,東武スカイツリーライン
臥龍（がりゅう）,東京都,世田谷区,世田谷区・三軒茶屋駅,鶏白湯,鶏白湯,3.67,,濃厚クリーミー鶏白湯の定番,https://tabelog.com/ramen/tokyo/A1317/A131706/rank,,東急田園都市線 / 世田谷線
和利道（わりどう）,東京都,世田谷区,世田谷区・池尻大橋駅,中華そば,醤油・中華そば,3.67,,出汁感重視の落ち着いた一杯,https://tabelog.com/ramen/tokyo/A1317/A131705/rank,,東急田園都市線
銀座 篝 本店,東京都,中央区,中央区・銀座駅,鶏白湯,鶏白湯,3.67,,鶏白湯SOBAで全国区の本店,https://tabelog.com/tokyo/A1301/A130101/13230021,,銀座・丸ノ内・日比谷線 / 有楽町線
日本橋 朱鷺（とき）,東京都,中央区,中央区・小伝馬町駅,ラーメン,その他・創作,3.67,,高評価の実力店,https://tabelog.com/tokyo/A1302/A130204/13283883,,日比谷線
ラーメン富士丸 明治通り都電梶原店,東京都,北区,北区・梶原停留場,二郎系,二郎・二郎系,3.67,,特大チャーシュー＋甘めスープ、「白」(背脂)が名物／梶原3分・無休,https://tabelog.com/tokyo/A1323/A132303/13097679,,都電荒川線 / 都電荒川線
超多加水自家製手揉み麺 きたかた食堂,東京都,千代田区,千代田区・竹橋駅,醤油（喜多方系）,醤油・中華そば/ご当地・地域系,3.67,,手揉み麺の中華そば、靖国通り沿い,https://tabelog.com/ramen/tokyo/A1310/A131003/rank,,東京メトロ東西線
らーめん弁慶 浅草本店,東京都,台東区,台東区・浅草駅,背脂チャッチャ系,その他・創作,3.67,,昭和48年・屋台発祥の背脂系草分け、朝〜翌4時／駅5分,https://tabelog.com/tokyo/A1311/A131102/13003748,,東武スカイツリーライン
煮干し Noodles Nibo Nibo Cino,東京都,品川区,品川区・旗の台駅,煮干し（無化調）,煮干し,3.67,,「自家製麺伊藤」出身、「にぼにぼちーの」／旗の台1分,https://tabelog.com/ramen/tokyo/A1317/A131712/rank,,東急大井町線・池上線 / 東急大井町線
中華soba いそべ,東京都,大田区,大田区・武蔵新田駅・矢口渡駅,中華そば,醤油・中華そば,3.67,,矢口渡・蓮沼寄り,https://tabelog.com/ramen/tokyo/A1317/A131716/rank,,東急多摩川線
つけそば 周（あまね）,東京都,板橋区,板橋区・板橋区役所前駅,つけ麺,つけ麺,3.67,,エリア上位,https://tabelog.com/ramen/tokyo/A1322/A132205/rank,,都営三田線
麺や 河野,東京都,板橋区,板橋区・地下鉄赤塚駅,自家製麺の中華そば・つけ麺,つけ麺/醤油・中華そば,3.67,,「七彩」出身、淡麗系,https://tabelog.com/ramen/tokyo/A1322/A132204/rank,,有楽町・副都心線
BIRI BIRI CRUSH MEN,東京都,板橋区,板橋区・地下鉄赤塚駅,担々麺系,担々麺・四川・麻婆,3.67,,痺れの効いた異色の担担麺,https://tabelog.com/ramen/tokyo/A1322/A132204/rank,,有楽町・副都心線
モリス（morris）,東京都,板橋区,板橋区・大山駅,つけ麺・ラーメン,つけ麺,3.67,,店内製麺所のもちもち中太麺、無添加／駅すぐ・水休,https://tabelog.com/tokyo/A1322/A132203/13054812,Wed,東武東上線
麺響 万蕾,東京都,江東区,江東区・清澄白河駅,煮干し＋貝,煮干し/貝・魚介系,3.67,,清澄白河駅10分（菊川が最寄り）,https://tabelog.com/tokyo/A1312/A131201/13282131,,都営大江戸線 / 半蔵門線 / 都営大江戸・新宿線 / 半蔵門線
MISO HANAMICHI 本店,東京都,渋谷区,渋谷区・北参道駅,味噌（極太麺）,味噌,3.67,,駅247mと至近、エリア最有力,https://tabelog.com/tokyo/A1304/A130403/13276694,,東京メトロ副都心線
中華蕎麦 三藤（みつふじ）,東京都,目黒区,目黒区・緑が丘駅,中華蕎麦,醤油・中華そば,3.67,,蕎麦屋出身・日本料理修業の繊細な一杯／ミシュラン7年連続,https://tabelog.com/tokyo/A1317/A131703/13168430,,東急大井町線
麺や 河野,東京都,練馬区,練馬区・地下鉄赤塚駅,自家製麺の中華そば・つけ麺,つけ麺/醤油・中華そば,3.67,,「七彩」出身、淡麗系／駅3分,https://tabelog.com/tokyo/A1322/A132204/R1420/rstLst/ramen,,有楽町・副都心線
麺処 井の庄 本店,東京都,練馬区,練馬区・石神井公園駅,つけ麺・ラーメン,つけ麺,3.67,,看板「辛辛魚」で全国的に著名／駅1-2分,https://tabelog.com/tokyo/A1321/A132103/13024455,,西武池袋線
めん処 羽鳥,東京都,荒川区,荒川区・日暮里駅,中華そば（無化調）,醤油・中華そば,3.67,,看板は「しょうがラーメン」、澄んだ鶏スープ,https://tabelog.com/tokyo/A1311/A131105/13152229,,JR山手・京浜東北・常磐
自家製麺 純（JUN）,東京都,葛飾区,葛飾区・京成立石駅,ラーメン・つけ麺・油そば,つけ麺/油そば・まぜそば・汁なし,3.67,,無化調・自家製麺、地鶏出汁の繊細な一杯／駅2分,https://tabelog.com/tokyo/A1324/A132403/13235903,,京成押上線
博多長浜らーめん ぼたん 大塚本店,東京都,豊島区,豊島区・大塚駅,豚骨,豚骨・博多,3.67,,長浜系の豚骨,https://tabelog.com/tokyo/A1323/A132302/13008788,,JR山手線
北千住煮干中華蕎麦 かれん,東京都,足立区,足立区・北千住駅,煮干し中華そば,煮干し/醤油・中華そば,3.67,,「つきひ」姉妹店、行列必至／西口2分,https://tabelog.com/tokyo/A1324/A132402/13275300,,JR常磐線 / 千代田線・日比谷線
麺屋 音（おと）,東京都,足立区,足立区・北千住駅,煮干し系ラーメン・つけ麺,煮干し/つけ麺,3.67,,濃厚煮干そばが看板、深夜営業／駅5分,https://tabelog.com/tokyo/A1324/A132402/13161350,,JR常磐線 / 千代田線・日比谷線
中華そば わた井,東京都,足立区,足立区・北綾瀬駅,魚介豚骨つけ麺・中華そば,つけ麺/豚骨・博多/貝・魚介系/醤油・中華そば,3.67,,もちもち太麺、開店前から行列／駅1分・月休,https://tabelog.com/tokyo/A1324/A132404/13050042,Mon,千代田線・綾瀬〜北綾瀬支線
ラーメン富士丸 西新井大師店,東京都,足立区,足立区・大師前駅,二郎系,二郎・二郎系,3.67,,甘い背脂×濃厚豚骨醤油＋極太麺／駅232m,https://tabelog.com/tokyo/A1324/A132404/R5670/rstLst/ramen,,東武大師線・西新井大師
81番（はちじゅういちばん）,東京都(多摩),町田,町田・町田駅,塩ラーメン,塩,3.67,,パパパパパイン店主の「No Pine」、鶏＋3種煮干しの黄金清湯、ターミナル口3分,https://tabelog.com/tokyo/A1327/A132701/13191765,,JR横浜線 / 小田急小田原線
中華そば ムタヒロ 1号店,東京都(多摩),立川・国立・国分寺・昭島,立川・国立・国分寺・昭島・国分寺駅,煮干し中華そば・まぜそば,煮干し/油そば・まぜそば・汁なし/醤油・中華そば,3.67,,2011年開業のムタヒロ本店、駅2分,https://tabelog.com/ramen/tokyo/A1325/A132502/rank,,JR中央線
麺創研 紅（くれない）,東京都(多摩),調布・府中・狛江,調布・府中・狛江・府中駅,旨辛豚骨味噌,味噌/豚骨・博多,3.67,百名店,乱切り自家製麺、名物の辛うま味噌、府中駅直結,https://tabelog.com/tokyo/A1326/A132602/13114072,,京王線
ラーメン二郎 府中店,東京都(多摩),調布・府中・狛江,調布・府中・狛江・府中駅,二郎系,二郎・二郎系,3.67,,比較的ライトで初心者向け、駅5分,https://tabelog.com/tokyo/A1326/A132602/13022272,,京王線
末広家,千葉県,千葉市,千葉市・本千葉駅,家系,家系,3.66,,「県内ナンバーワン」と評される本牧家系、本千葉8分,https://tabelog.com/chiba/A1201/A120101/R9121/rstLst/ramen,,JR外房線 / JR京葉・内房・外房線
らー麺屋 バリバリジョニー,千葉県,市川・浦安,市川・浦安・行徳駅 / 南行徳駅 / 妙典駅,鶏白湯,鶏白湯,3.66,,4種地鶏の濃厚鶏白湯、行徳,https://tabelog.com/chiba/A1202/A120202/R3320/rstLst/ramen,,東京メトロ東西線
中華蕎麦 きよし,千葉県,船橋・習志野,船橋・習志野・船橋駅,中華そば,醤油・中華そば,3.66,,「赤坂味一」系列、京成船橋5分の正統派,https://tabelog.com/chiba/A1202/A120201/12057056,,JR総武線 / 東武アーバンパークライン / 京成本線
自家製麺ご藤,千葉県,船橋・習志野,船橋・習志野・船橋駅,ラーメン（魚介×動物系）,貝・魚介系,3.66,,自家製ストレート麺＋ブレンドスープ,https://tabelog.com/ramen/chiba/A1202/A120201/rank,,JR総武線 / 東武アーバンパークライン / 京成本線
栄昇らーめん,千葉県,船橋・習志野,船橋・習志野・津田沼駅,煮干し・あご出汁,煮干し,3.66,,「津田沼の宝」、2025年1月復活、1日100食限定、京成津田沼4分,https://tabelog.com/chiba/A1202/A120204/12001613,,JR総武線 / 新京成線 / 京成本・千葉・新京成線
大宮大勝軒,埼玉県,さいたま市北部,さいたま市北部・大宮駅,中野系大勝軒,その他・創作,3.66,,特製もりそば、半世紀の出汁系老舗、無休,https://tabelog.com/saitama/A1101/A110101/11024076,,JR各線・東武アーバンパークライン・ニューシャトル
中華そば 螢（ほたる）,埼玉県,さいたま市北部,さいたま市北部・大和田駅 / 七里駅 / 東大宮駅,中華そば・つけそば,つけ麺/醤油・中華そば,3.66,,蟹・海老・帆立の「海の味噌そば」、連日行列、大和田7分・無休,https://tabelog.com/saitama/A1101/A110103/11000121,,東武アーバンパークライン・JR宇都宮線
ラー麺専門店 こしがや,埼玉県,越谷・草加・春日部,越谷・草加・春日部・越谷駅,塩ラーメン,塩,3.66,,佐野実「支那そばや」出身、塩ネギワンタンメン、駅362m,https://tabelog.com/saitama/A1102/A110203/R3982/rstLst/ramen,,東武スカイツリーライン
貝麺みかわ,東京都,世田谷区,世田谷区・下北沢駅,貝×牛だし,貝・魚介系,3.66,,あさり・帆立の貝出汁と牛だし、平打ち麺,https://tabelog.com/ramen/tokyo/A1318/A131802/rank,,小田急 / 京王井の頭線
拉麺 はま家,東京都,中央区,中央区・小伝馬町駅,ラーメン,その他・創作,3.66,,評価の高い人気店,https://tabelog.com/tokyo/A1302/A130204/13286404,,日比谷線
輝道家,東京都,中野区,中野区・野方駅,家系,家系,3.66,百名店,武道家系出身、濃厚かつキレ／北口3分・無休,https://tabelog.com/tokyo/A1321/A132104/13221750,,西武新宿線
排骨担々 五ノ井,東京都,千代田区,千代田区・御茶ノ水駅,担々麺,担々麺・四川・麻婆,3.66,,御茶ノ水／神保町徒歩圏,https://tabelog.com/ramen/tokyo/A1310/A131003/rank,,JR中央・総武線
中華そば 髙はし,東京都,千代田区,千代田区・飯田橋駅,塩・醤油（雲呑）,ワンタン麺/塩/醤油・中華そば,3.66,,鶏ガラ清湯＋たっぷり雲呑の行列店,https://tabelog.com/ramen/tokyo/A1309/rank,,JR中央・総武線 / 東西・有楽町・南北線 / 都営大江戸線
喜多方ラーメン 新じま,東京都,台東区,台東区・三ノ輪駅,喜多方（醤油）,醤油・中華そば/ご当地・地域系,3.66,,平打ち熟成多加水麺＋ホロホロチャーシュー／徒歩3分,https://tabelog.com/tokyo/A1324/A132401/13287105,,東京メトロ日比谷線
六厘舎 大崎店,東京都,品川区,品川区・大崎駅,つけ麺,つけ麺,3.66,,濃厚豚骨魚介、ThinkPark 1F,https://tabelog.com/ramen/tokyo/A1316/A131604/rank,,JR山手・湘南新宿・埼京 / りんかい線
手打ち麺処 好き酒師,東京都,大田区,大田区・武蔵新田駅・矢口渡駅,手打ち麺の中華そば,醤油・中華そば,3.66,,武蔵新田の手打ち,https://tabelog.com/ramen/tokyo/A1317/A131716/rank,,東急多摩川線
麺屋 山界,東京都,新宿区,新宿区・新大久保駅,ラーメン,その他・創作,3.66,,エリア上位の人気店,https://tabelog.com/ramen/tokyo/A1304/A130404/rank,,JR山手線 / JR中央・総武線
俺の空,東京都,新宿区,新宿区・高田馬場駅,豚そば（濃厚）,その他・創作,3.66,,濃厚豚清湯の人気店,https://tabelog.com/ramen/tokyo/A1305/A130503/rank,,JR山手線 / 東京メトロ東西線
札幌 六坊,東京都,新宿区,新宿区・西早稲田駅,味噌・醤油（札幌系）,味噌/醤油・中華そば/ご当地・地域系,3.66,,渡なべグループ、「札幌ブラック」が話題,https://tabelog.com/ramen/tokyo/A1305/A130504/rank,,東京メトロ副都心線
中華そば つけ麺 甲斐,東京都,杉並区,杉並区・久我山駅,中華そば・つけ麺,つけ麺/醤油・中華そば,3.66,,荻窪「春木屋」出身、自家製麺／駅1分,https://tabelog.com/tokyo/A1318/A131806/13038404,,京王井の頭線
あんくるてい,東京都,杉並区,杉並区・井荻駅,ワンタン麺,ワンタン麺,3.66,,「たんたん亭」出身、ニコニコそば／駅139m,https://tabelog.com/tokyo/A1321/A132105/R560/rstLst/ramen,,西武新宿線
麺屋 四季,東京都,江東区,江東区・門前仲町駅,ラーメン・つけ麺,つけ麺,3.66,,門前仲町の人気店,https://tabelog.com/tokyo/A1313/A131303/13293391,,東西線 / 都営大江戸線
麺屋 中川會 住吉店,東京都,江東区,江東区・住吉駅,醤油清湯・つけ麺,つけ麺/醤油・中華そば,3.66,,フォアグラ等使用の深い醤油／駅4分,https://tabelog.com/tokyo/A1312/A131201/13205611,,半蔵門線 / 都営新宿線
むらさき山,東京都,港区,港区・田町駅,魚介豚骨醤油,豚骨・博多/貝・魚介系/醤油・中華そば,3.66,,無化調、慶応中通りの人気店,https://tabelog.com/ramen/tokyo/A1314/A131402/rank,,JR / 都営浅草・三田線
横浜豚骨醤油ラーメン YOLO,東京都,練馬区,練馬区・江古田駅,ラーメン,その他・創作,3.66,,九条ネギラーメンが人気／駅1分,https://tabelog.com/tokyo/A1321/A132101/R1435/rstLst/ramen,,西武池袋線
麺・酒処 ぶらり,東京都,荒川区,荒川区・日暮里駅,鶏白湯,鶏白湯,3.66,ビブグルマン,ミシュランビブグルマン掲載歴、濃厚クリーミー,https://ramendb.supleks.jp/s/10106.html,,JR山手・京浜東北・常磐
麺屋 愛心 TOKYO 町屋店,東京都,荒川区,荒川区・町屋駅,担々麺・麻婆麺,担々麺・四川・麻婆,3.66,,看板「海老寿久担々麺」、新潟本店系,https://tabelog.com/tokyo/A1324/A132401/13220662,,千代田線
らぁめん 生姜は文化。,東京都,豊島区,豊島区・巣鴨駅,生姜醤油,醤油・中華そば,3.66,,生姜の効いた醤油,https://tabelog.com/tokyo/A1323/A132301/13224621,,JR山手線 / 都営三田線
らぁめん 大安,東京都(多摩),八王子・日野・多摩,八王子・日野・多摩・八王子駅,自家製麺・醤油,醤油・中華そば,3.66,,新宿「萬来」系、平打ち縮れ自家製麺、南口2分,https://tabelog.com/tokyo/A1329/A132904/13114440,,JR中央・横浜・八高線 / 京王線
つけ麺 えん寺 吉祥寺総本店,東京都(多摩),吉祥寺・三鷹・小金井,吉祥寺・三鷹・小金井・吉祥寺駅,つけ麺（ベジポタ）,つけ麺,3.66,,「ベジポタつけ麺」発祥の総本店、極太胚芽麺、無休,https://tabelog.com/tokyo/A1320/A132001/13104794,,JR中央・総武線 / 京王井の頭線
燕三条 豊潤亭,東京都(多摩),吉祥寺・三鷹・小金井,吉祥寺・三鷹・小金井・武蔵小金井駅,燕三条系,その他・創作,3.66,,背脂たっぷり、煮干し魚介醤油、北口3分,https://tabelog.com/ramen/tokyo/A1325/A132501/rank,,JR中央・総武線
麺尊RAGE RENEGADES,東京都(多摩),西東京・小平・東久留米・東村山・清瀬,西東京・小平・東久留米・東村山・清瀬・花小金井駅,醤油・つけ麺・油そば,つけ麺/油そば・まぜそば・汁なし/醤油・中華そば,3.66,,新宿「麺尊RAGE」系、花小金井北口11分,https://tabelog.com/tokyo/A1328/A132804/R7976/rstLst/ramen,,西武新宿線 / 西武多摩湖線 / 西武新宿・拝島線
中華そばや 和凡,東京都(多摩),西東京・小平・東久留米・東村山・清瀬,西東京・小平・東久留米・東村山・清瀬・清瀬駅,煮干し中華そば,煮干し/醤油・中華そば,3.66,,九十九里産煮干し＋和え玉、清瀬最高評価、南口5分・日休,https://tabelog.com/tokyo/A1328/A132803/13234420,Sun,西武池袋線
いつみ屋,東京都(多摩),調布・府中・狛江,調布・府中・狛江・分倍河原駅,煮干し系上品醤油（ワンタン麺）,煮干し/ワンタン麺/醤油・中華そば,3.66,,行列の地元名店、府中本町2分・昼のみ,https://tabelog.com/tokyo/A1326/A132602/13022027,,京王線・JR南武線 / JR南武・武蔵野線
灼味噌らーめん 八堂八,神奈川県,川崎市北部,川崎市北部・溝の口駅 / 武蔵溝ノ口駅,焦がし味噌,味噌,3.66,,焦がし味噌らーめん,https://tabelog.com/kanagawa/A1405/A140505/14097063,,東急田園都市線・JR南武線
日吉 大勝軒,神奈川県,横浜北部,横浜北部・日吉駅,中華そば・つけ麺,つけ麺/醤油・中華そば,3.66,,何度でも通える定番,https://tabelog.com/ramen/kanagawa/A1401/A140204/rank,,東急東横・目黒線 / グリーンライン
らー麺 あけどや,千葉県,市川・浦安,市川・浦安・市川駅 / 市川真間駅,鶏白湯・味噌・つけ麺,つけ麺/味噌/鶏白湯,3.65,,TRY味噌部門上位常連、市川・市川真間,https://tabelog.com/chiba/A1202/A120202/12032028,,JR総武線 / 京成本線
松戸富田製麺 ららぽーとTOKYO-BAY店,千葉県,船橋・習志野,船橋・習志野・東船橋駅 / 南船橋駅,つけ麺（豚骨魚介）,つけ麺/豚骨・博多/貝・魚介系,3.65,,「とみ田」系列、濃厚豚骨魚介、南船橋・ららぽーと内,https://tabelog.com/ramen/chiba/A1202/A120201/rank,,JR
鶏そば 一瑳（いっさ）,埼玉県,さいたま市,さいたま市・浦和駅,鶏白湯・鶏清湯,鶏白湯/醤油・中華そば,3.65,,鶏100%スープと自家製麺、東口4分・行列・無休,https://tabelog.com/saitama/A1101/A110102/11057532,,JR京浜東北線
庵悟（あんご）,埼玉県,さいたま市,さいたま市・南浦和駅,鶏ガラ淡麗・つけ麺,つけ麺,3.65,,あっさり和風＋濃厚つけ汁,https://tabelog.com/ramen/saitama/A1101/A110102/rank,,JR京浜東北・武蔵野線
佐野ラーメン たかの,埼玉県,さいたま市,さいたま市・南浦和駅,佐野ラーメン（青竹打ち）,ご当地・地域系,3.65,,あっさり醤油の名物,https://tabelog.com/ramen/saitama/A1101/A110102/rank,,JR京浜東北・武蔵野線
永吉,埼玉県,川口・蕨・戸田,川口・蕨・戸田・西川口駅,担々麺,担々麺・四川・麻婆,3.65,,自家製ラー油と練りゴマの旨辛担々麺、駅1分,https://tabelog.com/saitama/A1102/A110201/R7390/rstLst/ramen,,JR京浜東北線
中華そば ふくもり 駒沢本店,東京都,世田谷区,世田谷区・駒沢大学駅,中華そば,醤油・中華そば,3.65,,エリア1位タイ,https://tabelog.com/ramen/tokyo/A1317/A131707/rank,,東急田園都市線
Bonito Noodle RAIK,東京都,世田谷区,世田谷区・駒沢大学駅,鰹系中華そば,貝・魚介系/醤油・中華そば,3.65,,鰹出汁が看板,https://tabelog.com/ramen/tokyo/A1317/A131707/rank,,東急田園都市線
鶯屋（うぐいすや）,東京都,世田谷区,世田谷区・祖師ヶ谷大蔵駅,中華そば系,醤油・中華そば,3.65,,エリア1位の実力店（祖師ヶ谷大蔵）,https://tabelog.com/ramen/tokyo/A1318/A131814/rank,,小田急 / 小田急
麺尊RAGE 中野 腕刀,東京都,中野区,中野区・中野駅,青唐中華そば,醤油・中華そば,3.65,,西荻「麺尊RAGE」系列／北口5分,https://tabelog.com/tokyo/A1319/A131902/13270574,,JR中央・総武線 / 東京メトロ東西線
麺処 花田 上野店,東京都,台東区,台東区・上野駅,味噌,味噌,3.65,,厚切りチャーシュー＋濃厚味噌、増し無料,https://tabelog.com/tokyo/A1311/A131101/13130960,,JR各線・新幹線 / 銀座線・日比谷線
中華そば 七麺鳥,東京都,台東区,台東区・鶯谷駅,塩・醤油・つけ麺,つけ麺/塩/醤油・中華そば,3.65,,複数産地の塩を使い分ける鶏ベース,https://tabelog.com/tokyo/A1311/A131104/13171772,,JR山手・京浜東北線
浅草名代らーめん 与ろゐ屋,東京都,台東区,台東区・浅草駅,和風醤油（老舗）,醤油・中華そば,3.65,,鶏豚＋煮干等＋高知県産柚子,https://tabelog.com/ramen/tokyo/A1311/A131102/rank,,銀座線 / 都営浅草線
麺屋 上々,東京都,台東区,台東区・蔵前駅,鴨出汁,鴨,3.65,,鴨の旨味＋味変が楽しめる完成度,https://tabelog.com/ramen/tokyo/A1311/A131103/rank,,都営浅草線・大江戸線
らーめん えにし,東京都,品川区,品川区・戸越駅,ラーメン・つけ麺,つけ麺,3.65,,淡麗系の高評価店（戸越銀座至近）,https://tabelog.com/tokyo/A1317/A131712/R6713/rstLst/ramen,,都営浅草線
らーめん飛粋 武蔵新田店,東京都,大田区,大田区・武蔵新田駅・矢口渡駅,家系,家系,3.65,,蒲田「飛粋」の支店,https://tabelog.com/ramen/tokyo/A1317/A131716/rank,,東急多摩川線
中華ソバ ちゃるめ,東京都,大田区,大田区・糀谷駅,鶏・魚介の清湯醤油,貝・魚介系/醤油・中華そば,3.65,,「SORANOIRO」出身、出汁の旨味前面（糀谷・移転後営業中）,https://tabelog.com/tokyo/A1315/A131504/13301016,,京急空港線 / 都営浅草線
鶏そば 三歩一,東京都,新宿区,新宿区・高田馬場駅,鶏白湯,鶏白湯,3.65,,長年愛される鶏白湯,https://tabelog.com/ramen/tokyo/A1305/A130503/rank,,JR山手線 / 東京メトロ東西線
伊東中華そば,東京都,板橋区,板橋区・地下鉄成増駅,中華そば,醤油・中華そば,3.65,,エリア上位,https://tabelog.com/ramen/tokyo/A1322/A132204/rank,,有楽町・副都心線
心の味製麺 平井店,東京都,江戸川区,江戸川区・平井駅,つけ麺・ラーメン,つけ麺,3.65,,「中華蕎麦とみ田」プロデュース、自家製麺,https://tabelog.com/tokyo/A1312/A131202/13170919,,JR総武線
生姜醤油専門 我武者羅 幡ヶ谷本店,東京都,渋谷区,渋谷区・幡ヶ谷駅,生姜醤油（新潟系）,醤油・中華そば,3.65,,幡ヶ谷1位、駅徒歩3分,https://tabelog.com/tokyo/A1318/A131807/13119112,,京王新線
らぁめん 一福,東京都,渋谷区,渋谷区・初台駅,味噌,味噌,3.65,ビブグルマン,ミシュラン ビブグルマン常連,https://tabelog.com/tokyo/A1318/A131807/13004351,,京王新線
天鳳,東京都,港区,港区・六本木駅,旭川系,ご当地・地域系,3.65,,1985年創業、カスタムの「135ラーメン」,https://tabelog.com/ramen/tokyo/A1307/rank,,日比谷線 / 都営大江戸線 / 南北線
麺処 まるよし商店,東京都,練馬区,練馬区・桜台駅,タンメン専門,ご当地・地域系,3.65,,昭和レトロなタンメン専門、地元定番／駅1分,https://tabelog.com/tokyo/A1321/A132101/13053621,,西武池袋線
ラーメン愉悦処 似星（にぼし）,東京都,練馬区,練馬区・中村橋駅・富士見台駅,煮干し・油そば,煮干し/油そば・まぜそば・汁なし,3.65,,水出しのクリアな無化調煮干し（中村橋・営業要確認）,https://tabelog.com/tokyo/A1321/A132102/13152804,,西武池袋線
オカモトモノガタリ,東京都,葛飾区,葛飾区・金町駅 / 葛飾区・柴又駅,鶏・鴨清湯／煮干し,煮干し/鴨/醤油・中華そば,3.65,,鴨ガラ＋大山鶏の醤油らぁめん、いりこそばも,https://tabelog.com/tokyo/A1324/A132403/13283135,,JR常磐線各駅停車・千代田線直通 / 京成金町線
つけ麺 一滴,東京都,葛飾区,葛飾区・金町駅,つけ麺,つけ麺,3.65,,濃厚魚介系の駅周辺上位店,https://tabelog.com/tokyo/A1324/A132403/13286104,,JR常磐線各駅停車・千代田線直通
カラシビ味噌らー麺 鬼金棒 池袋店,東京都,豊島区,豊島区・東池袋駅,味噌（辛・痺）,味噌,3.65,,カラシビ味噌（池袋寄り）,https://tabelog.com/tokyo/A1305/A130501/13171114,,東京メトロ有楽町線
龍聖軒（りゅうせいけん）,東京都(多摩),町田,町田・鶴川駅,中華そば（牛脂×豚魚介清湯）,貝・魚介系/醤油・中華そば,3.65,,牛の甘い香りとコク、ワンタン麺が店主推し、駅7〜10分・無休,https://tabelog.com/tokyo/A1327/A132701/13240442,,小田急小田原線
自家製麺つけ麺 紅葉（くれは）,東京都(多摩),立川・国立・国分寺・昭島,立川・国立・国分寺・昭島・国分寺駅,自家製麺つけ麺,つけ麺,3.65,,北口2〜3分、麺の種類が豊富,https://tabelog.com/ramen/tokyo/A1325/A132502/rank,,JR中央線
アンタイNOODLES,東京都(多摩),立川・国立・国分寺・昭島,立川・国立・国分寺・昭島・昭島駅,つけ麺・中華そば,つけ麺/醤油・中華そば,3.65,,中神・東中神エリアの高評価実力店,https://tabelog.com/ramen/tokyo/A1329/A132902/rank,,JR青梅線 / JR青梅線
自家製麺つけそば 九六（くろく）,東京都(多摩),調布・府中・狛江,調布・府中・狛江・狛江駅 / 和泉多摩川駅,濃厚つけ麺,つけ麺,3.65,,魚粉炸裂、和泉多摩川3分・月火休・売切仕舞い,https://tabelog.com/tokyo/A1326/A132603/13129898,Mon;Tue,小田急線
RAMEN TSUKEMEN YAMATO,神奈川県,県央・相模原,県央・相模原・中央林間駅,つけ麺,つけ麺,3.65,,魚介×動物系・極太麺、エリア最高、駅192m,https://tabelog.com/kanagawa/C14213/C39592/rstLst/ramen,,小田急江ノ島線 / 東急田園都市線
ラーメン 野良裏家,千葉県,千葉市,千葉市・本千葉駅,家系,家系,3.64,,蘇我の人気家系,https://tabelog.com/ramen/chiba/A1201/A120101/rank,,JR外房線 / JR京葉・内房・外房線
ラーメン ニュー松戸,千葉県,松戸・柏,松戸・柏・八柱駅,醤油（老舗）,醤油・中華そば,3.64,,澄んだスープに旨味のある定番（みのり台寄り・八柱徒歩圏）,https://tabelog.com/chiba/A1203/A120302/R10225/rstLst/MC0101,,新京成線 / JR武蔵野線
中華蕎麦 萌芽（ほうが）,千葉県,松戸・柏,松戸・柏・北柏駅 / 南柏駅,濃厚煮干し豚骨,煮干し/豚骨・博多,3.64,,豚骨＋大量煮干し＋自家製中太麺、TRY新人煮干部門受賞、北柏3分,https://tabelog.com/chiba/A1203/A120301/12048286,,JR常磐線各停
中華そば温故知新,千葉県,船橋・習志野,船橋・習志野・船橋駅,中華そば,醤油・中華そば,3.64,,船橋駅徒歩1分の人気店,https://tabelog.com/chiba/A1202/A120201/12053619,,JR総武線 / 東武アーバンパークライン / 京成本線
白河手打中華 賀乃屋,埼玉県,埼玉,埼玉・上尾駅 / 北上尾駅,白河ラーメン（手打ち）,ご当地・地域系,3.64,,「とら食堂」出身、焼豚ワンタンメンが看板、北上尾12分・火休,https://tabelog.com/saitama/A1104/A110401/11028895,Tue,JR高崎線
麺匠 清兵衛,埼玉県,川越・東武東上線,川越・東武東上線・川越駅,鶏清湯,醤油・中華そば,3.64,,西口2分、鶏ガラのまろやか塩・鶏そば,https://tabelog.com/saitama/A1103/A110303/11025282,,JR川越線・東武東上線 / 西武新宿線 / 東武東上線
煮干しと日本酒 すぎだま,東京都,中央区,中央区・三越前駅,煮干し,煮干し,3.64,,煮干し系＋日本酒、夜需要も,https://tabelog.com/tokyo/A1302/A130201/13303589,,銀座・半蔵門線 / JR総武快速
火の豚 人形町駅前店,東京都,中央区,中央区・人形町駅,二郎系,二郎・二郎系,3.64,,ガッツリ二郎インスパイア,https://tabelog.com/tokyo/A1302/A130204/13218617,,日比谷線 / 都営浅草線
横浜家系らーめん 二代目武道家,東京都,中野区,中野区・中野駅,家系,家系,3.64,,中野の家系／徒歩3分,https://tabelog.com/tokyo/A1319/A131902/13090963,,JR中央・総武線 / 東京メトロ東西線
雨ニモマケズ,東京都,北区,北区・十条駅,動物系×魚介Wスープ,貝・魚介系,3.64,,駅124m,https://tabelog.com/ramen/tokyo/A1323/A132304/rank,,JR埼京線
富士松,東京都,北区,北区・上中里駅,豚骨×魚介Wスープ,豚骨・博多/貝・魚介系,3.64,,尾久〜荒川遊園地前,https://tabelog.com/tokyo/A1323/A132303/R1985/rstLst/ramen,,JR京浜東北 / JR宇都宮・高崎
黄金の塩らぁ麺 ドゥエイタリアン 市ヶ谷本店,東京都,千代田区,千代田区・市ヶ谷駅,塩（イタリアン系）,塩,3.64,,元伊シェフの塩らぁ麺、変化球も,https://tabelog.com/ramen/tokyo/A1309/rank,,JR中央・総武線 / 有楽町・南北線 / 都営新宿線
駄目な隣人 新宿店,東京都,新宿区,新宿区・西武新宿駅,醤油・油そば,油そば・まぜそば・汁なし/醤油・中華そば,3.64,,サイバーパンク調の内装、卵・海苔食べ放題／駅1分,https://tabelog.com/tokyo/A1304/A130401/13261715,,西武新宿線
中華蕎麦 はる,東京都,杉並区,杉並区・下井草駅,中華蕎麦（無化調・鶏）,醤油・中華そば,3.64,,行列の人気店／駅168m,https://tabelog.com/tokyo/C13115/C36680/rstLst/ramen,,西武新宿線
中華そば なりたや,東京都,板橋区,板橋区・板橋区役所前駅,中華そば,醤油・中華そば,3.64,,エリア上位,https://tabelog.com/ramen/tokyo/A1322/A132205/rank,,都営三田線
オールドラーメンショップ 逆流,東京都,板橋区,板橋区・板橋本町駅,ラーメン,その他・創作,3.64,,エリア上位,https://tabelog.com/ramen/tokyo/A1322/A132205/rank,,都営三田線
ラーメンパーク あずーる,東京都,江戸川区,江戸川区・船堀駅,ラーメン,その他・創作,3.64,,船堀の高評価店,https://tabelog.com/ramen/tokyo/A1312/A131205/rank,,都営新宿線
麺の坊 砦,東京都,渋谷区,渋谷区・渋谷駅,豚骨,豚骨・博多,3.64,,一風堂出身者の名店、神泉寄り,https://tabelog.com/tokyo/A1303/A130301/13003402,,JR山手・埼京・湘南新宿 / 銀座・半蔵門・副都心線
麺 銀座おのでら 本店,東京都,港区,港区・表参道駅,鶏清湯,醤油・中華そば,3.64,,銀座寿司グループの鶏清湯、ハーブバターで味変（表参道）,https://tabelog.com/ramen/tokyo/A1306/A130602/rank,,銀座・千代田・半蔵門線 / 銀座線 / 銀座・半蔵門・大江戸線
かおたんラーメン えんとつ屋 南青山店,東京都,港区,港区・表参道駅,醤油,醤油・中華そば,3.64,,澄んだ醤油、昭和の風情（青山一丁目）,https://tabelog.com/ramen/tokyo/A1307/rank,,銀座・千代田・半蔵門線 / 銀座線 / 銀座・半蔵門・大江戸線
ラーメン屋ジョン,東京都,練馬区,練馬区・武蔵関駅,煮干し系・つけ麺,煮干し/つけ麺,3.64,,武蔵関トップクラス、香り高い煮干し／北口1-2分,https://tabelog.com/tokyo/A1321/A132105/rstLst/ramen,,西武新宿線
麺屋 龍,東京都,足立区,足立区・千住大橋駅,ネオクラシック中華そば,醤油・中華そば,3.64,,臥龍(醤油)・蒼龍(塩)＋日替り限定／谷在家6分・昼中心,https://tabelog.com/tokyo/A1324/A132404/13253735,,京成本線 / 京成本線 / 舎人ライナー
中華そば 弥栄（やさか）,東京都(多摩),八王子・日野・多摩,八王子・日野・多摩・西八王子駅,鶏×魚介,貝・魚介系,3.64,,鶏と魚介の出汁でコクと後味の良さ,https://tabelog.com/ramen/tokyo/A1329/A132904/rank,,JR中央線
中華蕎麦 麺ノ歌,東京都(多摩),吉祥寺・三鷹・小金井,吉祥寺・三鷹・小金井・武蔵小金井駅,濃厚煮干し,煮干し,3.64,,動物系×魚介Wスープ＋自家製麺,https://tabelog.com/ramen/tokyo/A1325/A132501/rank,,JR中央・総武線
ラーメン二郎 仙川店,東京都(多摩),調布・府中・狛江,調布・府中・狛江・つつじヶ丘駅 / 仙川駅,二郎系,二郎・二郎系,3.64,,非乳化「仙川ブラック」、駅2分・夜のみ,https://tabelog.com/tokyo/A1326/A132601/13000699,,京王線
菜（さい）,千葉県,市川・浦安,市川・浦安・本八幡駅,中華そば（あっさり）,醤油・中華そば,3.63,,本八幡の高評価あっさり系,https://tabelog.com/ramen/chiba/A1202/A120202/rank,,JR総武線・都営新宿線 / 京成本線
濃厚鶏そば 葵,埼玉県,川口・蕨・戸田,川口・蕨・戸田・蕨駅,濃厚鶏白湯・つけ麺,つけ麺/鶏白湯,3.63,,名古屋コーチンの「あわあわ」鶏白湯、西口4分,https://tabelog.com/saitama/A1102/A110202/11046756,,JR京浜東北線
中村屋総本山,埼玉県,川越・東武東上線,川越・東武東上線・川越駅,煮干し,煮干し,3.63,,濃厚煮干しそば専門の名店（本川越・蓮馨寺方面）,https://tabelog.com/saitama/A1103/A110303/11039789,,JR川越線・東武東上線 / 西武新宿線 / 東武東上線
寛 〜くつろぎ〜,埼玉県,川越・東武東上線,川越・東武東上線・鶴瀬駅 / みずほ台駅,醤油・煮干し,煮干し/醤油・中華そば,3.63,,「蔦」出身店主、鶴瀬エリア最高、駅8分・金休,https://tabelog.com/saitama/A1103/A110302/11041543,Fri,東武東上線
自家製麺まさき,埼玉県,西武沿線エリア,西武沿線エリア・新所沢駅,ラーメン,その他・創作,3.63,,自家製麺＋あっさり醤油、駅4分・月休,https://tabelog.com/ramen/saitama/A1106/A110601/rank,Mon,西武新宿線
麺屋 いちょう,埼玉県,越谷・草加・春日部,越谷・草加・春日部・三郷中央駅,ラーメン（白醤油）,醤油・中華そば,3.63,,特製白醤油らぁめん、朝営業の繁盛店、八潮（駅やや遠）,https://tabelog.com/saitama/C11234/rstLst/ramen,,つくばEX / JR武蔵野線 / つくばEX
ラーメン茂木,東京都,世田谷区,世田谷区・三軒茶屋駅,ワンタン麺・中華そば,ワンタン麺/醤油・中華そば,3.63,,大判ワンタンと肉厚チャーシュー,https://tabelog.com/ramen/tokyo/A1317/A131706/rank,,東急田園都市線 / 世田谷線
中華そば トリコ,東京都,世田谷区,世田谷区・千歳烏山駅,現代中華そば（鶏×魚介）,貝・魚介系/醤油・中華そば,3.63,,透明感と奥行きの淡麗系,https://tabelog.com/ramen/tokyo/A1318/A131809/rank,,京王線
ラーメン 武蔵家 中野本店,東京都,中野区,中野区・新中野駅,横浜家系,家系,3.63,,エリアの家系定番／徒歩1分,https://tabelog.com/tokyo/A1319/A131902/13013524,,東京メトロ丸ノ内線
麺屋 藤しろ 目黒店,東京都,品川区,品川区・目黒駅,鶏白湯,鶏白湯,3.63,,濃厚クリーミー鶏白湯,https://tabelog.com/ramen/tokyo/A1316/A131601/rank,,JR山手 / 南北・三田線
真鯛らーめん 麺魚 本店,東京都,墨田区,墨田区・錦糸町駅,鯛白湯・塩,貝・魚介系/塩,3.63,百名店,真鯛100%の上品スープ、百名店歴／南口至近,https://tabelog.com/tokyo/A1312/A131201/13208237,,JR総武線 / 半蔵門線
中華そば 麦笑（むぎわら）,東京都,墨田区,墨田区・本所吾妻橋駅,手打ちわんたん中華そば,ワンタン麺/醤油・中華そば,3.63,,丁寧な醤油の一杯／A1出口すぐ,https://tabelog.com/tokyo/A1312/A131203/13273498,,都営浅草線
中華そば やま福,東京都,大田区,大田区・蒲田駅,鶏・貝出汁（淡麗）,貝・魚介系,3.63,,丁寧な味づくり／西口3分,https://tabelog.com/ramen/tokyo/A1315/A131503/rank,,JR京浜東北 ほか / 京急本線・空港線
つけ麺 たけもと,東京都,大田区,大田区・雪が谷大塚駅・石川台駅,濃厚つけ麺,つけ麺,3.63,,濃厚つけ麺の実力店,https://tabelog.com/ramen/tokyo/A1317/A131711/rank,,東急池上線
俺の生きる道 白山,東京都,文京区,文京区・白山駅,乳化系豚骨,豚骨・博多,3.63,,濃厚な乳化スープ／駅2分,https://tabelog.com/tokyo/A1323/A132301/R9112/rstLst/MC01,,都営三田線
らあめん 満家,東京都,新宿区,新宿区・新大久保駅,醤油（中華そば）,醤油・中華そば,3.63,,地域密着の昔ながらの定番,https://tabelog.com/ramen/tokyo/A1304/A130404/rank,,JR山手線 / JR中央・総武線
麺屋 喜楽明人,東京都,板橋区,板橋区・ときわ台駅,煮干し（淡麗・濃厚）・つけ麺,煮干し/つけ麺,3.63,,煮干と昆布と水のみ、朝6:30から朝ラー／無休,https://tabelog.com/tokyo/A1322/A132203/13278499,,東武東上線
濃菜麺 井の庄,東京都,練馬区,練馬区・練馬駅,濃厚野菜・つけ麺,つけ麺,3.63,,「辛辛魚」で全国的に有名／駅2分,https://tabelog.com/tokyo/A1321/A132102/R7713/rstLst/ramen,,都営大江戸線
中華そば ます田,東京都,練馬区,練馬区・練馬駅,鶏清湯（塩・醤油）,塩/醤油・中華そば,3.63,,比内地鶏・羅臼昆布の上質淡麗、深夜営業／南口1-2分,https://tabelog.com/tokyo/A1321/A132102/13218991,,都営大江戸線
ラーメン一番,東京都,練馬区,練馬区・小竹向原駅,醤油・味噌,味噌/醤油・中華そば,3.63,,小竹町で30年の老舗、味噌小辛が人気,https://tabelog.com/tokyo/A1322/A132202/R4015/rstLst/ramen,,有楽町・副都心線
石神井 とら,東京都,練馬区,練馬区・石神井公園駅,ラーメン・つけ麺・油そば,つけ麺/油そば・まぜそば・汁なし,3.63,,TRYラーメン大賞2023-24新店・汁なし4位／南口3分,https://tabelog.com/tokyo/A1321/A132103/13277844,,西武池袋線
麺処 富士松,東京都,荒川区,荒川区・梶原停留場,無化調 醤油・塩・つけ麺,つけ麺/塩/醤油・中華そば,3.63,,「中村屋」で8年修行／荒川遊園地前2分・梶原徒歩圏,https://tabelog.com/tokyo/A1323/A132303/13188858,,都電荒川線・荒川区側
麺や いま村,東京都,豊島区,豊島区・巣鴨駅,醤油・煮干し,煮干し/醤油・中華そば,3.63,,巣鴨の人気店,https://tabelog.com/tokyo/A1323/A132301/13202793,,JR山手線 / 都営三田線
ガンコンヌードル（GANCON NOODLE）,東京都,豊島区,豊島区・駒込駅,海老つけ麺,つけ麺/貝・魚介系,3.63,,大山鶏白湯×甘海老、東口すぐ,https://tabelog.com/tokyo/A1323/A132301/13147756,,JR山手線 / 東京メトロ南北線
こえもん,東京都(多摩),八王子・日野・多摩,八王子・日野・多摩・日野駅 / 豊田駅,八王子ラーメン（醤油）,醤油・中華そば,3.63,,"「吾衛門」暖簾分け、""完璧な八王子ラーメン""、日野4分・日祝休",https://tabelog.com/tokyo/A1329/A132903/13126400,Sun,JR中央線
一平ソバ,東京都(多摩),吉祥寺・三鷹・小金井,吉祥寺・三鷹・小金井・東小金井駅,油そば・まぜそば,油そば・まぜそば・汁なし,3.63,,武蔵野系油そばの人気店,https://tabelog.com/ramen/tokyo/A1325/A132501/rank,,JR中央・総武線
らーめん チキント,東京都(多摩),立川・国立・国分寺・昭島,立川・国立・国分寺・昭島・立川駅,鶏白湯（無化調）,鶏白湯,3.63,,立川で10年以上愛される濃厚鶏白湯,https://tabelog.com/tokyo/A1329/A132901/13125378,,JR中央・南武・青梅線 / 多摩モノレール
柳麺 かいと,東京都(多摩),調布・府中・狛江,調布・府中・狛江・狛江駅 / 和泉多摩川駅,長岡生姜醤油・塩,塩/醤油・中華そば/ご当地・地域系,3.63,,四万十の生姜＆ゲランド塩、狛江3分・月休,https://tabelog.com/tokyo/A1326/A132603/13227994,Mon,小田急線
自家製麺 麺屋 利八,神奈川県,川崎市南部,川崎市南部・川崎駅,ラーメン,その他・創作,3.63,,自家製麺の実力店,https://tabelog.com/ramen/kanagawa/A1405/A140501/rank,,JR東海道・南武・京浜東北 / 京急本線
徳記（トッキ）,神奈川県,横浜中心部,横浜中心部,広東料理・豚足そば,その他・創作,3.63,百名店,創業70年超、名物・豚足そば,https://tabelog.com/kanagawa/A1401/A140105/14006821,,
白河中華そば,神奈川県,横浜北部,横浜北部・センター北駅 / センター南駅 / 仲町台駅,白河系,ご当地・地域系,3.63,,福島・白河で修業、毎日行列（仲町台/センター南）,https://tabelog.com/kanagawa/A1401/A140203/14000172,,ブルーライン・グリーンライン
十人十色,神奈川県,横浜北部,横浜北部・長津田駅,塩・あっさり,塩,3.63,,澄んだスープと細麺、「塩ラーメンがんこ」,https://tabelog.com/ramen/kanagawa/A1401/A140208/rank,,JR横浜線・東急田園都市線・こどもの国線
大分ラーメン ヌードルワークス 茅ヶ崎店,神奈川県,湘南・県西,湘南・県西・茅ケ崎駅,大分豚骨,豚骨・博多,3.63,,『たまがった』出身、濃厚まろやか、北口2〜3分,https://tabelog.com/kanagawa/A1404/A140406/14056503,,JR東海道 / 相模線
くまもとらーめん ブッダガヤ,神奈川県,湘南・県西,湘南・県西・小田原駅,熊本ラーメン,その他・創作,3.63,,小田原エリア最高評価（緑町・小田原圏）,https://tabelog.com/ramen/kanagawa/A1409/A140901/rank,,JR東海道・新幹線 / 小田急 / 伊豆箱根大雄山線
麺屋真星（シンセイ）,千葉県,市川・浦安,市川・浦安・行徳駅 / 南行徳駅 / 妙典駅 / 市川・浦安・浦安駅,鶏白湯,鶏白湯,3.62,,濃厚鶏白湯の評判店、南行徳/浦安寄り,https://tabelog.com/chiba/A1202/A120203/12048417,,東京メトロ東西線 / JR京葉線
雷 本店（かみなり）,千葉県,松戸・柏,松戸・柏・北松戸駅 / 馬橋駅 / 新松戸駅,二郎インスパイア,二郎・二郎系,3.62,,とみ田系列、極太麺・濃厚醤油、北松戸3分,https://tabelog.com/chiba/A1203/A120302/12020862,,JR常磐線各停・武蔵野線
ラーメン ししょう,千葉県,松戸・柏,松戸・柏・柏の葉キャンパス駅,つけ麺・ラーメン,つけ麺,3.62,,柏の葉エリアの人気店,https://tabelog.com/chiba/A1203/A120301/12047815,,つくばエクスプレス
麺屋 青（あお）,千葉県,流山・我孫子・野田・鎌ヶ谷,流山・我孫子・野田・鎌ヶ谷・鎌ヶ谷駅,塩ラーメン,塩,3.62,,豚＋魚介の塩が看板、市内最高評価クラス、鎌ヶ谷4分・水休,https://tabelog.com/chiba/A1203/A120303/12061387,Wed,東武アーバンパークライン / 北総・東武・京成
かいざん 西船橋店,千葉県,船橋・習志野,船橋・習志野・西船橋駅,豚骨,豚骨・博多,3.62,,西船橋ラーメンの代表格、クリアな豚骨＋中太麺、行列の定番,https://tabelog.com/ramen/chiba/A1202/A120201/rank,,JR総武・武蔵野・京葉線 / 東葉高速 / 東京メトロ
葱次郎,埼玉県,さいたま市北部,さいたま市北部・大宮駅,醤油,醤油・中華そば,3.62,,焦がしネギの香ばしさ、ネギチャーハンも名物,https://tabelog.com/saitama/A1101/A110101/11031408,,JR各線・東武アーバンパークライン・ニューシャトル
きくちひろき,埼玉県,埼玉,埼玉・熊谷駅,牛骨清湯 中華そば,醤油・中華そば,3.62,,「一条流がんこ」出身、牛骨スープ、駅6分・月木休・行列,https://tabelog.com/saitama/A1105/A110501/11002991,Mon;Thu,JR高崎・宇都宮 / 秩父鉄道
麺屋 あがら,埼玉県,川口・蕨・戸田,川口・蕨・戸田・戸田公園駅 / 戸田駅 / 北戸田駅,和歌山ラーメン（豚骨醤油）,豚骨・博多/醤油・中華そば/ご当地・地域系,3.62,,王道の和歌山流、当市トップ級、戸田公園7分,https://tabelog.com/saitama/A1102/A110202/R6748/rstLst/ramen,,JR埼京線
㐂九八 エキチカ（きくはち）,埼玉県,西武沿線エリア,西武沿線エリア・所沢駅,ラーメン・つけ麺・油そば,つけ麺/油そば・まぜそば・汁なし,3.62,,稲庭風の手もみ中華麺、駅3分,https://tabelog.com/ramen/saitama/A1106/A110601/rank,,西武池袋・新宿線
らーめん こてつ,埼玉県,西武沿線エリア,西武沿線エリア・新所沢駅,ラーメン,その他・創作,3.62,,濃厚豚骨×中太麺、駅3分,https://tabelog.com/saitama/A1106/A110601/R5234/rstLst/ramen,,西武新宿線
蓮爾（はすみ）新町一丁目店,東京都,世田谷区,世田谷区・駒沢大学駅,二郎系,二郎・二郎系,3.62,,極太麺のボリューム系,https://tabelog.com/ramen/tokyo/A1317/A131707/rank,,東急田園都市線
貝出汁中華そば くらむ,東京都,世田谷区,世田谷区・二子玉川駅,貝出汁中華そば,貝・魚介系/醤油・中華そば,3.62,,エリア1位、貝の旨味,https://tabelog.com/ramen/tokyo/A1317/A131708/rank,,東急田園都市線 / 大井町線
東京駅 斑鳩,東京都,中央区,中央区・東京駅,ラーメン,その他・創作,3.62,,動物系×魚介のWスープ,https://tabelog.com/tokyo/A1302/A130201/13124609,,八重洲・日本橋口側 / JR各線・丸ノ内線
昭和,東京都,中央区,中央区・新富町駅,塩（鶏ガラ）,塩,3.62,,ガーリック効いた黄金色の鶏ガラ塩（八丁堀）,https://tabelog.com/tokyo/A1302/A130203/13045473,,有楽町線 / JR京葉線・日比谷線
らぁめん 希いろ,東京都,中野区,中野区・中野坂上駅,鯛白湯煮干し塩・鶏白湯,煮干し/鶏白湯/貝・魚介系/塩,3.62,,2025年10月開店の新鋭／A1出口1分,https://tabelog.com/tokyo/A1319/A131903/13314522,,東京メトロ丸ノ内線 / 都営大江戸線
輝道家 水道橋駅前店,東京都,千代田区,千代田区・水道橋駅,家系,家系,3.62,,直系系統の濃厚豚骨醤油,https://tabelog.com/ramen/tokyo/A1310/A131003/rank,,JR中央・総武線 / 都営三田線
ボニート・ボニート,東京都,品川区,品川区・武蔵小山駅,ラーメン（無化調）,その他・創作,3.62,,高知県産カツオの「あらびき」、エリア1位,https://tabelog.com/tokyo/A1317/A131710/13020897,,東急目黒線
ラーメン家 がんくろ,東京都,品川区,品川区・武蔵小山駅,ラーメン,その他・創作,3.62,,地元定番の人気店,https://tabelog.com/ramen/tokyo/A1317/A131710/rank,,東急目黒線
麺屋 木ノ下,東京都,墨田区,墨田区・押上〈スカイツリー前〉駅,椎茸出汁ワンタン麺,ワンタン麺,3.62,,餡たっぷりの手包みワンタン／駅3分,https://tabelog.com/tokyo/A1312/A131203/13273464,,半蔵門線 / 都営浅草線
用心棒 本号,東京都,文京区,文京区・東大前駅,二郎系,二郎・二郎系,3.62,,濃厚豚骨醤油＋極太麺、まぜそばも／駅1分,https://tabelog.com/tokyo/A1310/A131004/13116286,,南北線
大勝軒 飯田橋,東京都,新宿区,新宿区・飯田橋駅,つけ麺,つけ麺,3.62,,老舗系つけ麺,https://tabelog.com/ramen/tokyo/A1309/A130905/rank,,JR中央・総武線 / 東西・有楽町・南北線 / 都営大江戸線
下頭橋（げどばし）ラーメン,東京都,板橋区,板橋区・上板橋駅,背脂チャッチャ系,その他・創作,3.62,,環七ルーツの伝説店、「背脂100%」裏メニュー／駅8-10分,https://tabelog.com/tokyo/A1322/A132203/13015790,,東武東上線
支那そば 晴弘,東京都,江東区,江東区・越中島駅・潮見駅・新木場駅,淡麗清湯,醤油・中華そば,3.62,,鶏ガラ＋昆布鰹（越中島／門前仲町圏）,https://tabelog.com/tokyo/A1313/A131303/13008015,,JR京葉線 / 有楽町線
麺尊 RAGE 麻布台ヒルズ,東京都,港区,港区・神谷町駅,軍鶏そば・煮干し,煮干し,3.62,,西荻「麺尊RAGE」の新店／麻布台ヒルズB1,https://tabelog.com/tokyo/A1307/A130704/13291538,,日比谷線
らーめん 三極志,東京都,荒川区,荒川区・三河島駅 / 荒川区・新三河島駅,創作・貝出汁・二郎系,二郎・二郎系/貝・魚介系,3.62,,週・季節替わりの創作麺が名物,https://tabelog.com/tokyo/A1324/A132401/13228015,,JR常磐線 / 京成本線
中華そば 虎桜（こざくら）,東京都,荒川区,荒川区・町屋駅,中華そば・つけ麺,つけ麺/醤油・中華そば,3.62,,黒（生姜醤油）／白（白醤油魚介）,https://tabelog.com/tokyo/A1324/A132401/13187458,,千代田線
中華そば 一颯（いぶき）,東京都,葛飾区,葛飾区・新小岩駅,煮干し系,煮干し,3.62,,上品な煮干しラーメン／つけ麺の地元定番,https://tabelog.com/tokyo/A1312/A131204/13171070,,JR総武線各駅停車・快速
平右衛門,東京都(多摩),吉祥寺・三鷹・小金井,吉祥寺・三鷹・小金井・東小金井駅,ラーメン,その他・創作,3.62,,地元定番の実力店,https://tabelog.com/ramen/tokyo/A1325/A132501/rank,,JR中央・総武線
宝華らぁめん 立川店,東京都(多摩),立川・国立・国分寺・昭島,立川・国立・国分寺・昭島・立川駅,油そば・醤油,油そば・まぜそば・汁なし/醤油・中華そば,3.62,,南口/立川南すぐの老舗、名物「油そば」,https://tabelog.com/tokyo/A1329/A132901/13021243,,JR中央・南武・青梅線 / 多摩モノレール
たまがった 横浜西口店,神奈川県,横浜中心部,横浜中心部,豚骨,豚骨・博多,3.62,,本場系豚骨、6段階の茹で、深夜営業（平沼橋寄り）,https://tabelog.com/ramen/kanagawa/A1401/A140101/rank,,
極楽汁麺 らすた,神奈川県,横浜北部,横浜北部・日吉駅,ラーメン,その他・創作,3.62,,慶應生に愛される人気店,https://tabelog.com/ramen/kanagawa/A1401/A140204/rank,,東急東横・目黒線 / グリーンライン
支那蕎麦屋 藤花,神奈川県,横浜北部,横浜北部・センター北駅 / センター南駅 / 仲町台駅,淡麗醤油,醤油・中華そば,3.62,,奥深い旨味の淡麗系（仲町台）,https://tabelog.com/kanagawa/A1401/A140203/14099192,,ブルーライン・グリーンライン
麺屋 BISQ,神奈川県,湘南・県西,湘南・県西・茅ケ崎駅,ラーメン・つけ麺,つけ麺,3.62,,南口1分、「塩つけ麺プレミアム」,https://tabelog.com/ramen/kanagawa/A1404/A140406/rank,,JR東海道 / 相模線
とらきち家,神奈川県,湘南・県西,湘南・県西・平塚駅,家系,家系,3.62,,横浜から移転再開、化調不使用の濃いめ醤油、西口4分,https://tabelog.com/kanagawa/A1404/A140407/14098007,,JR東海道
らぁ麺 桃の屋,神奈川県,湘南・県西,湘南・県西・小田原駅,ラーメン（和風）,その他・創作,3.62,,鶏ガラ×魚介の上品な「和のラーメン」、東口5分,https://tabelog.com/ramen/kanagawa/A1409/A140901/rank,,JR東海道・新幹線 / 小田急 / 伊豆箱根大雄山線
ラーメン ヨシトミ,千葉県,千葉市,千葉市・稲毛駅 / 西千葉駅,醤油,醤油・中華そば,3.61,,稲毛区1位、深みのある醤油＋中太麺,https://tabelog.com/ramen/chiba/A1201/A120104/rank,,JR総武線
二九八家 いわせ,千葉県,市川・浦安,市川・浦安・本八幡駅,家系,家系,3.61,,とろけるチャーシュー、朝ラー可、市川屈指の家系,https://tabelog.com/chiba/A1202/A120202/12041492,,JR総武線・都営新宿線 / 京成本線
なりたけ 津田沼店,千葉県,船橋・習志野,船橋・習志野・津田沼駅,背脂豚骨醤油,豚骨・博多/醤油・中華そば,3.61,,津田沼ラーメンの象徴、背脂チャッチャ系、深夜まで行列,https://tabelog.com/ramen/chiba/A1202/A120201/rank,,JR総武線 / 新京成線 / 京成本・千葉・新京成線
塩つけ麺 めいげんそ,埼玉県,越谷・草加・春日部,越谷・草加・春日部・新越谷駅,つけ麺・ラーメン,つけ麺,3.61,,高架下の人気店、塩つけ麺・濃厚つけ麺、南越谷28m,https://tabelog.com/saitama/A1102/A110203/R9613/rstLst/ramen,,東武 / JR武蔵野線
絢（あえん）,東京都,世田谷区,世田谷区・祖師ヶ谷大蔵駅,塩ラーメン,塩,3.61,,淡麗塩の名店（成城学園前）,https://tabelog.com/ramen/tokyo/A1318/A131814/rank,,小田急 / 小田急
セアブラーメン 東中八,東京都,中央区,中央区・京橋駅,背脂系,その他・創作,3.61,,背脂の実力店（宝町）,https://tabelog.com/tokyo/A1302/A130203/13304916,,銀座線 / 都営浅草線
焼きあご塩らー麺 たかはし 銀座店,東京都,中央区,中央区・東銀座駅,塩,塩,3.61,,焼きあご出汁の塩,https://tabelog.com/tokyo/A1301/A130101/13212146,,日比谷線 / 都営浅草線
中華そば はし本,東京都,中央区,中央区・水天宮前駅,中華そば,醤油・中華そば,3.61,,評価の高い中華そば,https://tabelog.com/tokyo/A1302/A130204/13279477,,半蔵門線
らぁ麺 ようざん,東京都,北区,北区・北赤羽駅・浮間舟渡駅,味噌専門,味噌,3.61,,鶏ガラ豚骨＋3種味噌、赤羽「夏海」出身／浮間舟渡10分,https://tabelog.com/tokyo/A1323/A132305/13303772,,JR埼京線
江戸前煮干中華そば きみはん 総本店,東京都,台東区,台東区・鶯谷駅,煮干し,煮干し,3.61,,えぐみ控えめの煮干し中華そば,https://tabelog.com/ramen/tokyo/A1311/A131104/rank,,JR山手・京浜東北線
メルシー,東京都,新宿区,新宿区・早稲田駅,中華そば,醤油・中華そば,3.61,,早大生御用達の老舗（昭和43年創業）,https://tabelog.com/ramen/tokyo/A1305/A130504/rank,,東京メトロ東西線
マルナカ,東京都,新宿区,新宿区・牛込神楽坂駅,ラーメン,その他・創作,3.61,,エリアの好店,https://tabelog.com/ramen/tokyo/A1309/A130905/rank,,都営大江戸線
鶏soba座銀 神楽坂東京本店,東京都,新宿区,新宿区・飯田橋駅,鶏白湯,鶏白湯,3.61,,濃厚鶏白湯の人気店,https://tabelog.com/ramen/tokyo/A1309/A130905/rank,,JR中央・総武線 / 東西・有楽町・南北線 / 都営大江戸線
麺処 さとう,東京都,板橋区,板橋区・本蓮沼駅,中華そば・つけ麺,つけ麺/醤油・中華そば,3.61,,東十条「ほん田」出身、A2出口至近の小箱高品質,https://tabelog.com/tokyo/A1322/A132205/13150197,,都営三田線
拉麺 アイオイ,東京都,板橋区,板橋区・志村三丁目駅,煮干し/生姜/背脂・味噌,煮干し/味噌,3.61,,自家製にこだわる実力店、駅前移転,https://tabelog.com/tokyo/A1322/A132205/13262946,,都営三田線
麺処 竹川,東京都,渋谷区,渋谷区・神泉駅,無添加つけ麺・鶏そば,つけ麺,3.61,,円山町の路地裏の全席個室の隠れ家／駅2分・月火休,https://tabelog.com/tokyo/A1303/A130301/13178370,Mon;Tue,京王井の頭線
蘭州（参考）,東京都,葛飾区,葛飾区・京成立石駅,餃子・中華,その他・創作,3.61,,手作り水餃子が名物（現在は羊料理も・夜中心）,https://tabelog.com/tokyo/A1324/A132403/13293049,,京成押上線
らーめん弁慶 堀切店,東京都,葛飾区,葛飾区・堀切菖蒲園駅,背脂豚骨,豚骨・博多,3.61,,創業50年超(浅草本店系列)の下町ラーメン／駅7分,https://tabelog.com/tokyo/A1324/A132403/13010809,,京成本線
無敵家,東京都,豊島区,豊島区・池袋駅,豚骨醤油,豚骨・博多/醤油・中華そば,3.61,,超有名行列店、観光定番,https://tabelog.com/tokyo/A1305/A130501/13003927,,JR各線 / 丸ノ内・有楽町・副都心線
らあめん クローバー（clover）,千葉県,千葉郊外,千葉郊外・成田駅・京成成田駅,醤油・塩・煮干し,煮干し/塩/醤油・中華そば,3.6,,鶏ベースの端正な醤油らあめん、京成成田5分,https://tabelog.com/chiba/A1204/A120401/12024179,,JR成田線 / 京成本線 / 京成本線
豆でっぽう,千葉県,流山・我孫子・野田・鎌ヶ谷,流山・我孫子・野田・鎌ヶ谷・我孫子駅,担々麺・味噌ラーメン,味噌/担々麺・四川・麻婆,3.6,,担々麺＆味噌の名物店、天王台3〜4分、エリア随一,https://tabelog.com/chiba/A1203/A120304/R6540/rstLst/ramen,,JR常磐・成田線 / JR常磐線
中華そば 葵 本店,埼玉県,川口・蕨・戸田,川口・蕨・戸田・蕨駅,あっさり中華そば,醤油・中華そば,3.6,,上記「濃厚鶏そば 葵」系列、澄んだ醤油清湯,https://tabelog.com/saitama/A1102/A110201/11052531,,JR京浜東北線
大勝軒 一ノ割店,埼玉県,越谷・草加・春日部,越谷・草加・春日部・一ノ割駅,つけ麺・ラーメン,つけ麺,3.6,,東池袋系、つけ麺・ワンタン麺,https://tabelog.com/ramen/saitama/A1102/A110204/rank,,東武スカイツリーライン
麺屋 加減,東京都,台東区,台東区・新御徒町駅,ラーメン,その他・創作,3.6,,浅草橋・新御徒町の高評価店,https://tabelog.com/ramen/tokyo/A1311/A131103/rank,,都営大江戸線
来集軒,東京都,台東区,台東区・浅草駅,町中華（東京ラーメン）,その他・創作,3.6,,1950年創業の老舗、まろやか醤油＋シューマイ／駅1分・火休,https://tabelog.com/tokyo/A1311/A131102/13010513,Tue,つくばエクスプレス / 地下鉄 / 東武の浅草とは別位置
荏原町 しなてつ,東京都,品川区,品川区・旗の台駅,中華そば,醤油・中華そば,3.6,,目黒「かづ屋」出身、看板「支那そば」／荏原町・月休,https://tabelog.com/tokyo/A1317/A131712/13106902,Mon,東急大井町線・池上線 / 東急大井町線
煮干し中華そば のじじR,東京都,墨田区,墨田区・本所吾妻橋駅,煮干し中華そば,煮干し/醤油・中華そば,3.6,,煮干濃度を選べる個性派,https://tabelog.com/tokyo/A1312/A131203/13211489,,都営浅草線
神楽坂家系ラーメン モンタナ,東京都,新宿区,新宿区・牛込神楽坂駅,家系,家系,3.6,,牛込神楽坂至近の家系,https://cookpit.jp/station-ramen/station-ramen-112061,,都営大江戸線
麺屋 わおん,東京都,杉並区,杉並区・上井草駅,ラーメン・つけ麺,つけ麺,3.6,,高評価店,https://tabelog.com/tokyo/A1321/A132105/R2602/rstLst/ramen,,西武新宿線
麺庵 小島流 板橋本町本店,東京都,板橋区,板橋区・板橋本町駅,無化調中華そば,醤油・中華そば,3.6,,元イタリアンシェフ、行列店,https://tabelog.com/ramen/tokyo/A1322/A132205/rank,,都営三田線
ラーメンみなみ,東京都,江戸川区,江戸川区・葛西駅,ラーメン,その他・創作,3.6,,葛西の高評価店,https://tabelog.com/ramen/tokyo/A1313/A131305/rank,,東京メトロ東西線
らーめん弁慶 門前仲町店,東京都,江東区,江東区・門前仲町駅,背脂豚骨醤油,豚骨・博多/醤油・中華そば,3.6,,背脂チャッチャ系の老舗,https://tabelog.com/tokyo/A1313/A131303/13008468,,東西線 / 都営大江戸線
中華蕎麦 縁（えん）,東京都,江東区,江東区・住吉駅,ラーメン,その他・創作,3.6,,駅1分,https://tabelog.com/tokyo/C13108/rstLst/ramen,,半蔵門線 / 都営新宿線
特麺コツ一丁ラーメン,東京都,渋谷区,渋谷区・幡ヶ谷駅,こってり豚骨醤油,豚骨・博多/醤油・中華そば,3.6,,ホープ軒系譜、駅徒歩2分,https://tabelog.com/tokyo/A1318/A131807/13016490,,京王新線
赤坂 麺処 友,東京都,港区,港区・赤坂駅,醤油（あごだし）,醤油・中華そば,3.6,,焼きあご＋真昆布のWスープ,https://tabelog.com/ramen/tokyo/A1308/A130801/rank,,千代田線 / 銀座・丸ノ内線
淳之助製麺所,東京都,練馬区,練馬区・中村橋駅・富士見台駅,ラーメン・つけ麺,つけ麺,3.6,,ムチムチ極太麺＋濃厚つけ汁（富士見台2分）,https://tabelog.com/tokyo/A1321/A132102/13268533,,西武池袋線
ラーメン 町田家 町田本店,東京都(多摩),町田,町田・町田駅,横浜家系,家系,3.6,,1996年創業の家系、酒井製麺使用、ターミナル口2分,https://tabelog.com/tokyo/A1327/A132701/13010323,,JR横浜線 / 小田急小田原線
ラーメンくれは,東京都(多摩),西東京・小平・東久留米・東村山・清瀬,西東京・小平・東久留米・東村山・清瀬・田無駅,豚骨（熊本・玉名系）,豚骨・博多,3.6,,「田無の豚骨といえば」の定番、駅7〜8分・月火休,https://tabelog.com/tokyo/A1328/A132801/13110328,Mon;Tue,西武新宿線
保谷大勝軒,東京都(多摩),西東京・小平・東久留米・東村山・清瀬,西東京・小平・東久留米・東村山・清瀬・ひばりヶ丘駅 / 保谷駅,永福町系煮干し醤油,煮干し/醤油・中華そば,3.6,,洗面器級の大盛り＋ラード膜、保谷150m・昼のみ・行列,https://tabelog.com/tokyo/A1328/A132801/13121402,,西武池袋線
蓮爾（はすみ）登戸店,神奈川県,川崎市北部,川崎市北部・登戸駅 / 向ヶ丘遊園駅,二郎インスパイア,二郎・二郎系,3.6,,超極太麺・コール制、区内2位,https://tabelog.com/kanagawa/A1405/A140506/14003791,,JR南武・小田急 / 小田急
大﨑家,神奈川県,川崎市南部,川崎市南部・鹿島田駅,家系,家系,3.6,,鹿島田・新川崎で根強い人気,https://tabelog.com/ramen/kanagawa/A1405/A140503/rank,,JR南武線 / JR横須賀線
喜多方食堂 麺や 玄 佐倉分店,千葉県,千葉郊外,千葉郊外・佐倉駅,喜多方ラーメン,ご当地・地域系,3.59,,中太平打ち麺＋あっさり醤油、佐倉・印旛沼1位,https://tabelog.com/ramen/chiba/A1204/A120402/rank,,JR成田線 / 京成本線・山万線
中華そば れもん,千葉県,松戸・柏,松戸・柏・柏の葉キャンパス駅,白河ラーメン,ご当地・地域系,3.59,,柏市公設市場内、手打ち縮れ麺の白河系,https://tabelog.com/chiba/A1203/A120301/12044511,,つくばエクスプレス
まかない へきる,埼玉県,さいたま市,さいたま市・武蔵浦和駅,ラーメン・つけ麺,つけ麺,3.59,,武蔵浦和圏の最高評価クラス,https://tabelog.com/ramen/saitama/A1101/A110102/rank,,JR埼京・武蔵野線
武蔵家 大宮店,埼玉県,さいたま市北部,さいたま市北部・大宮駅,横浜家系,家系,3.59,,東口1分、濃厚豚骨醤油・ライス無料,https://tabelog.com/ramen/saitama/A1101/A110101/rank,,JR各線・東武アーバンパークライン・ニューシャトル
親鶏中華そば 綾川 大成店,埼玉県,さいたま市北部,さいたま市北部・鉄道博物館,親鶏出汁の手打ち中華そば,醤油・中華そば,3.59,,恵比寿の名店系列、塩は当店限定、駅6分,https://tabelog.com/saitama/A1101/A110101/R1811/rstLst/ramen,,大成 / ニューシャトル / 東武アーバンパークライン
めんや 正明,埼玉県,西武沿線エリア,西武沿線エリア・志木駅,ラーメン,その他・創作,3.59,,志木エリア最高評価クラス、駅3分・水休,https://tabelog.com/saitama/A1103/A110302/R4568/rstLst/ramen,Wed,東武東上線
らあめん 英（はなぶさ）本店,東京都,世田谷区,世田谷区・経堂駅,中華そば,醤油・中華そば,3.59,,経堂の長年の定番、コスパ良好,https://tabelog.com/ramen/tokyo/A1318/A131813/rank,,小田急
鮎ラーメン 二子玉川本店,東京都,世田谷区,世田谷区・二子玉川駅,鮎だしラーメン,貝・魚介系,3.59,,2003年創業の名物、鮎の風味,https://tabelog.com/ramen/tokyo/A1317/A131708/rank,,東急田園都市線 / 大井町線
京都銀閣寺 ますたに 日本橋本店,東京都,中央区,中央区・日本橋駅,醤油（京都背脂）,醤油・中華そば/ご当地・地域系,3.59,,背脂×鶏ガラ醤油,https://tabelog.com/tokyo/A1302/A130202/13253228,,銀座・東西線 / 都営浅草線
支那そば はせべ,東京都,品川区,品川区・五反田駅,醤油（淡麗）,醤油・中華そば,3.59,,あっさり支那そば,https://tabelog.com/ramen/tokyo/A1316/A131603/rank,,JR山手 / 都営浅草線
横浜家系ラーメン 武道家 賢斗,東京都,江東区,江東区・東陽町駅,家系,家系,3.59,,駅3分,https://tabelog.com/tokyo/A1313/A131303/13194530,,東西線
らすた 代々木店,東京都,渋谷区,渋谷区・代々木駅,家系,家系,3.59,,濃厚豚骨醤油・特注卵麺,https://tabelog.com/tokyo/A1304/A130403/13019788,,JR山手・中央総武緩行 / 都営大江戸線
麺うらた,東京都,目黒区,目黒区・自由が丘駅,塩SOBA・昆布水つけSOBA,塩,3.59,,トリュフ油が香る塩／北口すぐ・無休,https://tabelog.com/tokyo/A1317/A131703/13260652,,東急東横線 / 大井町線
焼豚ラーメン 三條 葛飾店,東京都,葛飾区,葛飾区・堀切菖蒲園駅,焼豚ラーメン,その他・創作,3.59,,旨みと辛味のバランス／駅89m,https://tabelog.com/tokyo/A1324/A132403/R9077/rstLst/ramen,,京成本線
じゃっくぽっと,東京都,足立区,足立区・北綾瀬駅,二郎インスパイア,二郎・二郎系,3.59,,大盛り対応、初心者でも入りやすい／駅1分,https://tabelog.com/tokyo/A1324/A132404/13301088,,千代田線・綾瀬〜北綾瀬支線
荻窪中華そば 春木屋 ラゾーナ川崎プラザ店,神奈川県,川崎市南部,川崎市南部・川崎駅,中華そば,醤油・中華そば,3.59,,荻窪の老舗の支店、ラゾーナ内,https://tabelog.com/ramen/kanagawa/A1405/A140501/rank,,JR東海道・南武・京浜東北 / 京急本線
横浜家系らーめん 雷家,神奈川県,川崎市南部,川崎市南部・八丁畷駅,家系,家系,3.59,,安定の家系、駅7分,https://tabelog.com/kanagawa/A1405/A140502/R7953/rstLst/ramen,,JR南武支線・京急本線
長岡食堂 横浜西口店,神奈川県,横浜中心部,横浜中心部,生姜醤油,醤油・中華そば,3.59,,新潟・長岡発祥の生姜醤油（平沼橋寄り）,https://tabelog.com/ramen/kanagawa/A1401/A140101/rank,,
横浜ラーメン 北村家,神奈川県,横浜北部,横浜北部・青葉台駅,家系,家系,3.59,,青葉台の家系定番,https://tabelog.com/ramen/kanagawa/A1401/A140202/rank,,東急田園都市線
中華そば さとう,神奈川県,湘南・県西,湘南・県西・大船駅,中華そば,醤油・中華そば,3.59,,大船エリア最高評価、上品な一杯,https://tabelog.com/ramen/kanagawa/A1404/A140401/rank,,JR東海道・横須賀・根岸 / 湘南モノレール
麺屋二代目 弘【HIRO】,千葉県,船橋・習志野,船橋・習志野・船橋駅,魚介豚骨,豚骨・博多/貝・魚介系,3.58,,船橋随一の行列店、進化系の一杯,https://tabelog.com/chiba/A1202/A120201/12035646,,JR総武線 / 東武アーバンパークライン / 京成本線
鶏そば 朱雀,千葉県,船橋・習志野,船橋・習志野・西船橋駅,鶏そば,その他・創作,3.58,,高評価の人気店（下総中山寄り）,https://tabelog.com/ramen/chiba/A1202/A120201/rank,,JR総武・武蔵野・京葉線 / 東葉高速 / 東京メトロ
川口トラちゃんラーメン,埼玉県,川口・蕨・戸田,川口・蕨・戸田・川口駅,ラーメン・つけ麺,つけ麺,3.58,,地元で長く愛される定番、家系寄り,https://tabelog.com/saitama/A1102/A110201/R2843/rstLst/ramen,,JR京浜東北線
麺匠 喜楽々（きらら）,埼玉県,川口・蕨・戸田,川口・蕨・戸田・東川口駅,ラーメン・つけ麺・塩担々麺,つけ麺/担々麺・四川・麻婆/塩,3.58,,駅2分、エリア最高評価クラス,https://tabelog.com/saitama/A1102/A110201/R8182/rstLst/ramen,,JR武蔵野線 / 埼玉高速鉄道
讃岐ラーメン 香麦（こうむぎ）,埼玉県,川越・東武東上線,川越・東武東上線・南大塚駅,讃岐系,その他・創作,3.58,,南大塚エリアの讃岐系,https://tabelog.com/ramen/saitama/A1103/A110303/rank,,西武新宿線
樹真（じゅしん）,埼玉県,西武沿線エリア,西武沿線エリア・和光市駅,ラーメン・つけ麺,つけ麺,3.58,,和光市エリア最高評価、濃厚スープ＋中細麺、駅4分・水休,https://tabelog.com/saitama/A1103/A110301/R10694/rstLst/ramen,Wed,東武東上線 / 東京メトロ
麺や豊,埼玉県,越谷・草加・春日部,越谷・草加・春日部・武里駅,ラーメン,その他・創作,3.58,,無化調・国産若鶏スープ、わんたんめん（春日部）,https://tabelog.com/ramen/saitama/A1102/A110204/rank,,東武 / 東武
らぁ麺 吉井,東京都,中央区,中央区・月島駅,ラーメン,その他・創作,3.58,,低温調理の鴨チャーシューと芳醇スープ（月島・勝どき圏）,https://tabelog.com/tokyo/A1313/A131302/13252206,,有楽町線 / 都営大江戸線 / 都営大江戸線
二代目えん寺,東京都,中野区,中野区・中野駅,ベジポタつけ麺,つけ麺,3.58,,ベジポタつけ麺の有名店／北口2分,https://tabelog.com/tokyo/A1319/A131902/13115487,,JR中央・総武線 / 東京メトロ東西線
ラーメン長山,東京都,台東区,台東区・鶯谷駅,豚骨醤油,豚骨・博多/醤油・中華そば,3.58,,濃厚鶏ガラ豚骨、大盛無料,https://tabelog.com/ramen/tokyo/A1311/A131104/rank,,JR山手・京浜東北線
麺や 一途,東京都,品川区,品川区・武蔵小山駅,創作ラーメン,その他・創作,3.58,,フレンチ技法を採り入れた一杯,https://tabelog.com/tokyo/A1317/A131710/13161190,,東急目黒線
麺屋 焔（ほむら）,東京都,品川区,品川区・不動前駅・西小山駅,淡麗醤油,醤油・中華そば,3.58,,香り高い一杯／鮫洲徒歩圏,https://tabelog.com/tokyo/A1315/A131501/R4425/rstLst/ramen,,東急目黒線 / 京急本線
邦ちゃんラーメン 両国店,東京都,墨田区,墨田区・両国駅,ちゃん系（透明醤油）,醤油・中華そば,3.58,,平打ち麺＋切り立てチャーシュー、ライス無料／東口1分,https://tabelog.com/tokyo/A1312/A131201/13293190,,JR総武線 / 都営大江戸線
麺やひだまり,東京都,文京区,文京区・千駄木駅,無化調・淡麗（塩/醤油）,塩/醤油・中華そば,3.58,,岩塩ブレンドの塩、備長炭焼きチャーシュー,https://tabelog.com/tokyo/A1311/A131106/13129718,,千代田線
武道家 本店,東京都,新宿区,新宿区・早稲田駅,家系,家系,3.58,,早稲田の家系の定番,https://tabelog.com/ramen/tokyo/A1305/A130504/rank,,東京メトロ東西線
タロー軒,東京都,杉並区,杉並区・新高円寺駅,中華そば,醤油・中華そば,3.58,,創業50年超・24時間営業の老舗,https://tabelog.com/ramen/tokyo/A1319/A131904/rank,,丸ノ内線
麺屋すみす,東京都,港区,港区・表参道駅,鶏白湯,鶏白湯,3.58,,鶏チャーシュー・鶏団子（外苑前・青山1位）,https://tabelog.com/ramen/tokyo/A1306/A130603/rank,,銀座・千代田・半蔵門線 / 銀座線 / 銀座・半蔵門・大江戸線
東京らあめんタワー 芝大門本店,東京都,港区,港区・芝公園駅・御成門駅,醤油・塩,塩/醤油・中華そば,3.58,,甘露醤油のらあめん／つけ麺も（大門〜芝公園圏）,https://tabelog.com/ramen/tokyo/A1314/A131401/rank,,都営三田線
麺心 國もと,東京都,葛飾区,葛飾区・京成高砂駅,ラーメン・つけ麺,つけ麺,3.58,,「麺屋武蔵」出身、清湯の特製らーめん／駅至近,https://tabelog.com/tokyo/A1324/A132403/13134181,,京成本線・金町線・北総線
たま家 本店,東京都(多摩),八王子・日野・多摩,八王子・日野・多摩・多摩センター駅,横浜家系,家系,3.58,,2002年開業の本牧家系、朝7時〜の朝ラーで行列、エリア1位・月火休,https://tabelog.com/tokyo/A1327/A132702/13010092,Mon;Tue,小田急多摩線 / 京王相模原線・多摩モノレール
ラーメン 大國家,東京都(多摩),調布・府中・狛江,調布・府中・狛江・府中駅,家系,家系,3.58,,「武道家」出身店主が独立、駅1分・ライス無料,https://tabelog.com/tokyo/A1326/A132602/13288549,,京王線
ラーメン泪橋,神奈川県,川崎市北部,川崎市北部・溝の口駅 / 武蔵溝ノ口駅,二郎インスパイア,二郎・二郎系,3.58,,マンモスラーメン、駅6分,https://tabelog.com/kanagawa/A1405/A140505/14053459,,東急田園都市線・JR南武線
横浜家系ラーメン 中島家,神奈川県,横浜中心部,横浜中心部,家系,家系,3.58,,鶏油香るまろやか系（反町）,https://tabelog.com/ramen/kanagawa/A1401/A140205/rank,,
武蔵家 日吉店,神奈川県,横浜北部,横浜北部・日吉駅,家系,家系,3.58,,「ひようら」の家系代表格、ライス無料,https://tabelog.com/ramen/kanagawa/A1401/A140204/rank,,東急東横・目黒線 / グリーンライン
中華そば ひら井 たまプラーザ店,神奈川県,横浜北部,横浜北部・市が尾駅,中華そば,醤油・中華そば,3.58,,淡麗系の人気店（たまプラーザ）,https://tabelog.com/ramen/kanagawa/A1401/A140201/rank,,東急田園都市線 / 東急田園都市線
境華楼,神奈川県,横浜南西部,横浜南西部・三ツ境駅,中華（ラーメン含む）,その他・創作,3.58,百名店,中国料理EAST百名店2026の町中華、エリア最高,https://tabelog.com/kanagawa/C14114/rstLst/ramen,,相鉄本線
ラーメン 清水家,神奈川県,湘南・県西,湘南・県西・辻堂駅,ラーメン（家系系）,家系,3.58,,辻堂の定番,https://tabelog.com/ramen/kanagawa/A1404/A140404/rank,,JR東海道
煮干し中華蕎麦 彩葉に（いろはに）,千葉県,千葉郊外,千葉郊外・勝田台駅・東葉勝田台駅,煮干し中華蕎麦,煮干し/醤油・中華そば,3.57,,煮干しを効かせた清湯、八千代台の現役トップ,https://tabelog.com/chiba/A1202/A120204/12053974,,京成本線・東葉高速線 / 京成本線
ラーメン一兎,千葉県,市川・浦安,市川・浦安・市川駅 / 市川真間駅,煮干し系,煮干し,3.57,,濃厚煮干しが評判（市川真間・市川）,https://tabelog.com/ramen/chiba/A1202/A120202/rank,,JR総武線 / 京成本線
中華蕎麦 みやま,千葉県,松戸・柏,松戸・柏・北柏駅 / 南柏駅,中華そば,醤油・中華そば,3.57,,北柏の実力店,https://tabelog.com/ramen/chiba/A1203/A120301/rank,,JR常磐線各停
トーフラーメン 幸楊（こうよう）,埼玉県,さいたま市,さいたま市・西浦和駅,豆腐ラーメン,その他・創作,3.57,,さいたまご当地、豆腐ラーメン考案者の店、木休,https://tabelog.com/saitama/A1101/A110102/11000797,Thu,JR武蔵野線
ラーメン 鷹の目 獨協大学前本店,埼玉県,越谷・草加・春日部,越谷・草加・春日部・草加駅,二郎系,二郎・二郎系,3.57,,二郎インスパイア、辛揚げが名物,https://tabelog.com/saitama/A1102/A110203/11040563,,東武スカイツリーライン
らぁ麺 時は麺なり 経堂店,東京都,世田谷区,世田谷区・経堂駅,らぁ麺・つけ麺,つけ麺,3.57,,素材設計に意図のある一杯,https://tabelog.com/ramen/tokyo/A1318/A131813/rank,,小田急
汁なし担担麺ピリリ,東京都,中央区,中央区・水天宮前駅,汁なし担々麺,担々麺・四川・麻婆/油そば・まぜそば・汁なし,3.57,,人気の汁なし担々麺,https://tabelog.com/tokyo/A1302/A130204/13197440,,半蔵門線
竹岡式ラーメン まる竹,東京都,中央区,中央区・馬喰横山駅,醤油（竹岡式）,醤油・中華そば/ご当地・地域系,3.57,,千葉・竹岡式の醤油,https://tabelog.com/tokyo/A1302/A130204/13269208,,都営新宿線 / JR総武快速 / 都営浅草線
おうじ家,東京都,北区,北区・王子駅,横浜家系,家系,3.57,,武蔵家暖簾分け、ライス無料／駅前2-3分,https://tabelog.com/tokyo/A1323/A132303/13245294,,JR京浜東北 / 南北線
ラーメン富士丸 西早稲田店,東京都,新宿区,新宿区・西早稲田駅 / 新宿区・東新宿駅,二郎系,二郎・二郎系,3.57,,人気の二郎インスパイア,https://tabelog.com/ramen/tokyo/A1305/A130504/rank,,東京メトロ副都心線 / 副都心線 / 都営大江戸線
らーめん からしや 葛西本店,東京都,江戸川区,江戸川区・葛西駅,まぜそば系,油そば・まぜそば・汁なし,3.57,,名物「からし麺」,https://tabelog.com/ramen/tokyo/A1313/A131305/rank,,東京メトロ東西線
らーめん なが田,東京都,江東区,江東区・亀戸水神駅,ラーメン,その他・創作,3.57,,地元評価が高くコスパ良／駅徒歩圏,https://tabelog.com/tokyo/A1307/A130701/R2765/rstLst/MC0130,,東武亀戸線
貝そば もぉむ,東京都,港区,港区・田町駅,貝出汁,貝・魚介系,3.57,,貝出汁ラーメン,https://tabelog.com/ramen/tokyo/A1314/A131402/rank,,JR / 都営浅草・三田線
百麺（ぱいめん）中目黒店,東京都,目黒区,目黒区・中目黒駅,とんこつ醤油,豚骨・博多/醤油・中華そば,3.57,,新潟県産豚骨18時間炊き、20周年超／駅3分,https://tabelog.com/tokyo/A1317/A131701/13003459,,日比谷線 / 東急東横線
麺処 いのこ 平和台店,東京都,練馬区,練馬区・平和台駅,鶏白湯・つけ麺・まぜそば,つけ麺/鶏白湯/油そば・まぜそば・汁なし,3.57,,クリーミーで重すぎない鶏白湯の行列店／駅6分,https://tabelog.com/tokyo/A1322/A132202/R8960/rstLst/ramen,,有楽町・副都心線
麺家 千祥（せんしょう）,東京都,荒川区,荒川区・町屋駅,家系,家系,3.57,,王道豚骨醤油＋サービスライス,https://tabelog.com/tokyo/A1324/A132401/13234960,,千代田線
綾瀬 大勝軒,東京都,足立区,足立区・綾瀬駅,つけ麺,つけ麺,3.57,,東池袋大勝軒系の王道つけ麺／東口3分,https://tabelog.com/tokyo/A1324/A132404/13020463,,JR常磐線 / 千代田線
横浜らーめん 武蔵家 綾瀬店,東京都,足立区,足立区・北綾瀬駅,家系,家系,3.57,,濃厚豚骨醤油＋太麺の家系王道／駅3分,https://tabelog.com/ramen/tokyo/A1324/A132404/rank,,千代田線・綾瀬〜北綾瀬支線
丸幸,東京都(多摩),吉祥寺・三鷹・小金井,吉祥寺・三鷹・小金井・武蔵境駅,ラーメン（鶏ガラ）,その他・創作,3.57,,リーズナブルな町中華系、北口2分,https://tabelog.com/ramen/tokyo/A1320/A132003/rank,,JR中央・総武線 / 西武多摩川線
麺処 井の庄 立川,東京都(多摩),立川・国立・国分寺・昭島,立川・国立・国分寺・昭島・立川駅,濃厚豚骨魚介・激辛,豚骨・博多/貝・魚介系,3.57,,カップ麺化された名物「辛辛魚」,https://tabelog.com/tokyo/A1329/A132901/13097330,,JR中央・南武・青梅線 / 多摩モノレール
味噌中華そば ムタヒロ,東京都(多摩),立川・国立・国分寺・昭島,立川・国立・国分寺・昭島・西国分寺駅,味噌中華そば,味噌/醤油・中華そば,3.57,,北海道味噌ベースの濃厚味噌、駅近,https://tabelog.com/ramen/tokyo/A1325/A132502/rank,,JR中央・武蔵野線
熊王ラーメン,東京都(多摩),調布・府中・狛江,調布・府中・狛江・調布駅,味噌,味噌,3.57,,国領駅前で長く愛される味噌の人気店,https://tabelog.com/tokyo/A1326/A132601/13005976,,京王線・相模原線 / 京王線
鴨だしらぁ麺 轟,神奈川県,川崎市北部,川崎市北部・梶が谷駅,鴨出汁清湯,鴨/醤油・中華そば,3.57,,洗練された鴨出汁らぁ麺、徒歩圏,https://tabelog.com/kanagawa/A1405/A140505/14081841,,東急田園都市線
鴨と蟹 中華そば 燈（あかり）,神奈川県,川崎市北部,川崎市北部・登戸駅 / 向ヶ丘遊園駅,鴨と蟹の中華そば,鴨/醤油・中華そば,3.57,,洗練系（登戸/向ヶ丘遊園）,https://tabelog.com/ramen/kanagawa/A1405/A140506/rank,,JR南武・小田急 / 小田急
横浜ラーメン 斎藤家 根岸店,神奈川県,横浜南西部,横浜南西部・磯子駅 / 根岸駅,家系,家系,3.57,,生ガラ濃厚、全国総選挙8位、根岸8分・火休,https://tabelog.com/kanagawa/A1401/A140308/14087964,Tue,JR根岸線
金八家,神奈川県,横浜南西部,横浜南西部・金沢文庫駅,家系,家系,3.57,,手頃で満足度高い横浜家系,https://tabelog.com/ramen/kanagawa/A1401/A140310/rank,,京急本線
松戸中華そば 富田食堂 東千葉,千葉県,千葉市,千葉市・東千葉駅,中華そば・つけ麺,つけ麺/醤油・中華そば,3.56,,「とみ田」系の食堂業態,https://tabelog.com/ramen/chiba/A1201/A120101/rank,,JR総武本線
スパイス・ラー麺 卍力 行徳店,千葉県,市川・浦安,市川・浦安・行徳駅 / 南行徳駅 / 妙典駅,スパイスラーメン,ご当地・地域系,3.56,,14種スパイスの個性派、駅直近,https://tabelog.com/chiba/A1202/A120202/R3320/rstLst/ramen,,東京メトロ東西線
娘娘（にゃんにゃん）※中浦和系,埼玉県,さいたま市,さいたま市・中浦和駅,スタミナラーメン,その他・創作,3.56,,埼玉ソウルフード「スタミナラーメン」発祥系列,https://tabelog.com/saitama/A1101/A110102/11000107,,JR埼京線
手揉み中華そば いしま,埼玉県,さいたま市,さいたま市・与野本町駅,手揉み中華そば（淡麗醤油）,醤油・中華そば,3.56,,2023年開業、手揉み麺＋あっさり醤油、東口2分,https://tabelog.com/saitama/A1101/A110101/11061065,,JR埼京線
自家製麺 TANGO,埼玉県,さいたま市,さいたま市・西浦和駅,ラーメン・つけ麺,つけ麺,3.56,,自家製麺の実力店,https://tabelog.com/saitama/A1101/A110102/11051807,,JR武蔵野線
麺屋 時茂 西川口店,埼玉県,川口・蕨・戸田,川口・蕨・戸田・西川口駅,濃厚豚骨・つけ麺,つけ麺/豚骨・博多,3.56,,濃厚豚骨×中太麺,https://tabelog.com/saitama/A1102/A110201/R7390/rstLst/ramen,,JR京浜東北線
デカ盛り戦隊 豚レンジャー,埼玉県,西武沿線エリア,西武沿線エリア・和光市駅,ラーメン・まぜそば,油そば・まぜそば・汁なし,3.56,,濃厚スープ＋太麺、ボリューム満点、駅8分,https://tabelog.com/saitama/A1103/A110301/R10694/rstLst/ramen,,東武東上線 / 東京メトロ
中華キッチン ぐら,埼玉県,越谷・草加・春日部,越谷・草加・春日部・越谷駅,担々麺・中華,担々麺・四川・麻婆,3.56,,濃厚な辛さと旨味の担々麺、駅428m,https://tabelog.com/saitama/A1102/A110203/R3982/rstLst/ramen,,東武スカイツリーライン
麺処 さとう 桜新町店,東京都,世田谷区,世田谷区・用賀駅,鶏清湯＆魚介豚骨・つけ麺,つけ麺/豚骨・博多/貝・魚介系/醤油・中華そば,3.56,,3種チャーシューが看板／桜新町すぐ,https://mendokorosato2012.com,,東急田園都市線 / 東急田園都市線 / 小田急 / 小田急 / 世田谷線
中華そば ふじい 新中野店,東京都,中野区,中野区・新中野駅,醤油（中華そば）,醤油・中華そば,3.56,,大阪人気店の東京初出店（2025年1月）／徒歩3〜4分,https://tabelog.com/tokyo/A1319/A131902/13305795,,東京メトロ丸ノ内線
麺屋 藤むら,東京都,北区,北区・王子駅,ラーメン,その他・創作,3.56,,王子駅前,https://tabelog.com/ramen/tokyo/A1323/A132303/rank,,JR京浜東北 / 南北線
鶏そば かぐら屋,東京都,文京区,文京区・本郷三丁目駅,鶏白湯,鶏白湯,3.56,,濃熟鶏白湯、コスパ良,https://tabelog.com/tokyo/A1310/A131003/R3895/rstLst/ramen,,丸ノ内線 / 都営大江戸線
濃厚鶏そば 晴壱,東京都,新宿区,新宿区・曙橋駅,鶏（濃厚）,その他・創作,3.56,,曙橋至近の濃厚鶏そば,https://tabelog.com/ramen/tokyo/A1309/A130903/rank,,都営新宿線 / 丸ノ内線
御天 井草本店,東京都,杉並区,杉並区・下井草駅,豚骨（九州系）,豚骨・博多/ご当地・地域系,3.56,,東京アレンジの濃厚九州豚骨,https://tabelog.com/tokyo/A1321/A132104/13000648,,西武新宿線
鼈（スッポン）,東京都,江戸川区,江戸川区・小岩駅,濃厚つけ麺,つけ麺,3.56,,タピオカ入り太麺のモチモチつけ麺,https://tabelog.com/tokyo/A1312/A131204/13138997,,JR総武線
喜多方食堂 磯崎,東京都,江戸川区,江戸川区・船堀駅,喜多方,ご当地・地域系,3.56,,あっさり系,https://tabelog.com/ramen/tokyo/A1312/A131205/rank,,都営新宿線
ねじ式,東京都,渋谷区,渋谷区・幡ヶ谷駅,つけ麺・ラーメン（個性派）,つけ麺,3.56,,個性派の一杯,https://tabelog.com/tokyo/A1318/A131807/13115792,,京王新線
麺屋 蕃茄（ばんか）,東京都,練馬区,練馬区・大泉学園駅,つけ麺・ラーメン,つけ麺,3.56,,濃厚魚介つけ麺＋全粒粉麺、トマトチーズつけ麺／南口2分,https://tabelog.com/tokyo/A1321/A132103/13104201,,西武池袋線
中華そば 敦（アツシ）,東京都,葛飾区,葛飾区・亀有駅,無化調・自家製麺,その他・創作,3.56,,鶏＋昆布節系の透明感ある清湯,https://tabelog.com/tokyo/A1324/A132403/13153745,,JR常磐線各駅停車・千代田線直通
神の海老天ラーメン,神奈川県,横浜南西部,横浜南西部・天王町駅 / 星川駅,ラーメン,その他・創作,3.56,,海老天のせの濃厚な一杯（星川）,https://tabelog.com/ramen/kanagawa/A1401/A140301/rank,,相鉄本線
ラーメン壱六家 磯子本店,神奈川県,横浜南西部,横浜南西部・磯子駅 / 根岸駅,家系,家系,3.56,,壱六家の本店、横浜家系の老舗（磯子）,https://tabelog.com/ramen/kanagawa/A1401/A140308/rank,,JR根岸線
中華そば うめや,神奈川県,横浜南西部,横浜南西部・金沢文庫駅,塩・貝出汁,貝・魚介系/塩,3.56,,貝の旨みの塩、駅3分,https://tabelog.com/ramen/kanagawa/A1401/A140310/rank,,京急本線
なか乃中華そば,神奈川県,県央・相模原,県央・相模原・中央林間駅,中華そば,醤油・中華そば,3.56,,鶏ガラ＋煮干しの淡麗醤油、駅475m,https://tabelog.com/kanagawa/C14213/C39592/rstLst/ramen,,小田急江ノ島線 / 東急田園都市線
中華そば たがや（京成幕張寄り）,千葉県,千葉市,千葉市・海浜幕張駅,中華そば,醤油・中華そば,3.55,,上品な魚介＋醤油の隠れ家的名店、地元定番（幕張）,https://tabelog.com/chiba/A1201/A120102/12052641,,JR京葉線 / JR総武線
中華そば 金ちゃん ビヨンド店,千葉県,千葉郊外,千葉郊外・勝田台駅・東葉勝田台駅,山形ラーメン・竹岡式,ご当地・地域系,3.55,,ワンタンメン、火水は朝6時から、勝田台,https://tabelog.com/chiba/A1202/A120204/12046333,,京成本線・東葉高速線 / 京成本線
魚骨ラーメン 鈴木さん,千葉県,船橋・習志野,船橋・習志野・津田沼駅,魚介・秋刀魚,貝・魚介系,3.55,,「さんままぜそば」が看板,https://tabelog.com/ramen/chiba/A1202/A120201/rank,,JR総武線 / 新京成線 / 京成本・千葉・新京成線
狼煙 浦和店,埼玉県,さいたま市,さいたま市・浦和駅,つけ麺,つけ麺,3.55,,濃厚魚介豚骨つけ麺の有名チェーン,https://tabelog.com/ramen/saitama/A1101/A110102/rank,,JR京浜東北線
娘娘（にゃんにゃん）浦和仲町店,埼玉県,さいたま市,さいたま市・浦和駅,スタミナラーメン,その他・創作,3.55,,埼玉ソウルフード、醤油餡かけのピリ辛、西口8分,https://tabelog.com/saitama/A1101/A110102/11057980,,JR京浜東北線
丸長,埼玉県,さいたま市北部,さいたま市北部・宮原駅,つけ麺・ラーメン,つけ麺,3.55,,1982年創業、和風つけ麺の老舗、西口6分,https://tabelog.com/saitama/A1101/A110103/R9817/rstLst/ramen,,JR高崎線
自家製麺 一乃瀬,埼玉県,さいたま市北部,さいたま市北部・西大宮駅 / 指扇駅,ラーメン・つけ麺,つけ麺,3.55,,西区随一、自家製麺＋白醤油の琥珀色スープ、指扇8分,https://tabelog.com/saitama/A1101/A110103/R4356/rstLst/ramen,,JR川越線
横浜ラーメン 武蔵家 志木店,埼玉県,西武沿線エリア,西武沿線エリア・志木駅,家系,家系,3.55,,駅至近の人気家系、駅1分,https://tabelog.com/saitama/A1103/A110302/R4568/rstLst/ramen,,東武東上線
麺屋 音 南越谷店,埼玉県,越谷・草加・春日部,越谷・草加・春日部・新越谷駅,ラーメン,その他・創作,3.55,,北千住の行列店系列、濃厚煮干しそば、駅113m,https://tabelog.com/saitama/A1102/A110203/R9613/rstLst/ramen,,東武 / JR武蔵野線
SHIBIRE-NOODLES 蝋燭屋 京橋エドグラン店,東京都,中央区,中央区・京橋駅,麻婆麺・担々麺,担々麺・四川・麻婆,3.55,,痺れる麻婆麺,https://tabelog.com/tokyo/A1302/A130202/13259845,,銀座線 / 都営浅草線
東京スタイルみそらーめん ど・みそ 京橋本店,東京都,中央区,中央区・銀座駅,味噌,味噌,3.55,,濃厚味噌の有名店本店,https://tabelog.com/tokyo/A1301/A130101/13031470,,銀座・丸ノ内・日比谷線 / 有楽町線
昆布の塩らー麺専門店 MANNISH 東日本橋店,東京都,中央区,中央区・馬喰横山駅,塩,塩,3.55,,昆布旨みの塩らー麺専門,https://tabelog.com/tokyo/A1302/A130204/13256365,,都営新宿線 / JR総武快速 / 都営浅草線
四川担々麺 赤い鯨 人形町店,東京都,中央区,中央区・浜町駅,担々麺,担々麺・四川・麻婆,3.55,,四川系担々麺の人気店,https://tabelog.com/tokyo/A1302/A130204/13246558,,都営新宿線
ラーメン ねぎとん,東京都,江戸川区,江戸川区・平井駅,ラーメン,その他・創作,3.55,,駅至近(26m)の地元人気店,https://tabelog.com/tokyo/C13123/C37021/rstLst/ramen,,JR総武線
らーめん 勝（かつ）,東京都,江戸川区,江戸川区・篠崎駅,ラーメン・味噌,味噌,3.55,,カウンター6〜8席で丁寧に作る人気店,https://tabelog.com/tokyo/A1312/A131205/13008094,,都営新宿線
麺屋福丸,東京都,渋谷区,渋谷区・笹塚駅,鴨だし塩つけ麺 等,つけ麺/鴨/塩,3.55,,笹塚1位,https://tabelog.com/tokyo/A1318/A131808/13208773,,京王線・京王新線
鶏そば・ラーメン Tonari,東京都,渋谷区,渋谷区・神泉駅,鶏＋魚介（無化調）,貝・魚介系,3.55,,白醤油鶏そば・牡蠣ラーメン等／駅1分・日祝休,https://tabelog.com/tokyo/A1303/A130301/13196746,Sun,京王井の頭線
中華そば むら田,東京都,目黒区,目黒区・中目黒駅,無化調・鶏醤油,醤油・中華そば,3.55,,柴沼醤油使用、火曜は担々麺,https://tabelog.com/tokyo/A1317/A131701/13154917,,日比谷線 / 東急東横線
エキトンの店 井の庄,東京都,練馬区,練馬区・大泉学園駅,ラーメン・つけ麺,つけ麺,3.55,,井の庄系の駅近店／駅2分,https://tabelog.com/tokyo/A1321/A132103/R1635/rstLst/ramen,,西武池袋線
無極大将,東京都,荒川区,荒川区・荒川区役所前停留場,ラーメン居酒屋（豚骨塩）,豚骨・博多/塩,3.55,,台湾出身店主の豚骨塩／停留場2分・深夜営業,https://tabelog.com/tokyo/A1324/A132401/13276970,,都電荒川線
虹屋,東京都,足立区,足立区・梅島駅・五反野駅,中華・担々麺,担々麺・四川・麻婆,3.55,,「5辛は汗ダク」の担々麺、梅島エリア最高点／駅190m,https://tabelog.com/tokyo/A1324/A132404/R1363/rstLst/ramen,,東武スカイツリーライン
白河中華そば 孫市（まごいち）,東京都(多摩),立川・国立・国分寺・昭島,立川・国立・国分寺・昭島・西国分寺駅,白河ラーメン,ご当地・地域系,3.55,,鶏ガラ清湯＋炭火焼チャーシュー,https://tabelog.com/ramen/tokyo/A1325/A132502/rank,,JR中央・武蔵野線
手打ち中華そば 酒田 河原町店,神奈川県,川崎市南部,川崎市南部・矢向駅,中華そば（手打ち）,醤油・中華そば,3.55,,矢向駅タグの手打ち中華そば（幸区側）,https://tabelog.com/ramen/kanagawa/A1405/A140503/rank,,JR南武線
横浜中華そば 維新商店 みなとみらい店,神奈川県,横浜中心部,横浜中心部,生姜醤油中華そば,醤油・中華そば,3.55,,生姜醤油ワンタンそば、馬車道直結,https://tabelog.com/kanagawa/A1401/A140104/14080195,,
らーめん桃源,神奈川県,横浜北部,横浜北部・綱島駅,塩,塩,3.55,,魚介の深みのうま辛塩、行列店,https://tabelog.com/ramen/kanagawa/A1401/A140204/rank,,東急東横線
鶴亀,神奈川県,横浜北部,横浜北部・大倉山駅,醤油,醤油・中華そば,3.55,,王道の中華そば、駅近の人気店（大倉山）,https://tabelog.com/ramen/kanagawa/A1401/A140204/rank,,東急東横線 / JR横浜線・東急東横線
らーめんシゲトミ,神奈川県,横浜北部,横浜北部・大倉山駅,塩・鶏,塩,3.55,,大山鶏のわんたんめん塩（大倉山）,https://tabelog.com/ramen/kanagawa/A1401/A140204/rank,,東急東横線 / JR横浜線・東急東横線
しんの助,神奈川県,横浜南西部,横浜南西部・戸塚駅,中華そば,醤油・中華そば,3.55,,柔らか角煮が名物、火休,https://tabelog.com/ramen/kanagawa/A1401/A140305/rank,Tue,JR東海道・横須賀・湘南新宿 / ブルーライン
らーめん 麺の月,神奈川県,湘南・県西,湘南・県西・湘南台駅,ラーメン・担々麺,担々麺・四川・麻婆,3.55,,7段階の辛さが選べる担々麺、行列店,https://tabelog.com/kanagawa/A1404/A140405/14043456,,小田急江ノ島線 / 相鉄いずみ野線 / 横浜市営地下鉄
中華 のんち,神奈川県,湘南・県西,湘南・県西・茅ケ崎駅,ラーメン（中華）,その他・創作,3.55,,北茅ケ崎・茅ケ崎圏の地元人気店,https://tabelog.com/ramen/kanagawa/A1404/A140406/rank,,JR東海道 / 相模線
笹本為次郎商店,千葉県,千葉市,千葉市・稲毛駅 / 西千葉駅,鶏白湯,鶏白湯,3.54,,濃厚クリーミーな鶏白湯の専門店,https://tabelog.com/ramen/chiba/A1201/A120104/rank,,JR総武線
煮干らー麺 カネショウ 四街道,千葉県,千葉郊外,千葉郊外・四街道駅,煮干しラーメン,煮干し,3.54,,煮干しの効いた一杯、佐倉・印旛沼2位（四街道）,https://tabelog.com/ramen/chiba/A1204/A120402/rank,,JR総武本線 / JR内房・久留里線
必勝軒,千葉県,船橋・習志野,船橋・習志野・津田沼駅,つけ麺・ラーメン,つけ麺,3.54,,「大勝軒」出身、打ちたて自家製麺、新津田沼1分・日休,https://tabelog.com/chiba/A1202/A120204/12000158,Sun,JR総武線 / 新京成線 / 京成本・千葉・新京成線
麺匠 むさし坊 武蔵浦和店,埼玉県,さいたま市,さいたま市・武蔵浦和駅,鶏白湯（無化調）,鶏白湯,3.54,,クリーミーな鶏白湯、家族連れにも人気,https://tabelog.com/ramen/saitama/A1101/A110102/rank,,JR埼京・武蔵野線
煮干らぁめん 樹鈴（KIRIN）,埼玉県,越谷・草加・春日部,越谷・草加・春日部・三郷中央駅,煮干し,煮干し,3.54,,濃厚・淡麗・背脂が選べる、三郷中央6分,https://tabelog.com/saitama/A1102/A110205/11060128,,つくばEX / JR武蔵野線 / つくばEX
豪徳寺ラーメン りらくしん,東京都,世田谷区,世田谷区・用賀駅,二郎系・辛味噌,二郎・二郎系/味噌,3.54,,麺量150〜450g、辛味噌が人気／豪徳寺,https://tabelog.com/tokyo/A1318/A131813/13013897,,東急田園都市線 / 東急田園都市線 / 小田急 / 小田急 / 世田谷線
中華そば 青葉 中野本店,東京都,中野区,中野区・中野駅,醤油・Wスープ（豚骨魚介）/つけ麺,つけ麺/豚骨・博多/貝・魚介系/醤油・中華そば,3.54,,「ダブルスープ」発祥の超有名店、無休／北口2分,https://tabelog.com/tokyo/A1319/A131902/13001092,,JR中央・総武線 / 東京メトロ東西線
ラーメン ぶぅさん,東京都,品川区,品川区・戸越銀座駅,ラーメン,その他・創作,3.54,,荏原中延・戸越公園エリアの実力店,https://tabelog.com/ramen/tokyo/A1317/A131712/rank,,東急池上線 / 東急大井町線
阿佐谷ホープ軒,東京都,杉並区,杉並区・阿佐ケ谷駅,背脂醤油,醤油・中華そば,3.54,,深夜営業の地元定番老舗,https://tabelog.com/tokyo/A1319/A131905/13011718,,JR中央・総武線
元祖まぐろラーメン 本店,東京都,板橋区,板橋区・板橋本町駅,まぐろ出汁,貝・魚介系,3.54,,ユニークなまぐろ出汁,https://tabelog.com/ramen/tokyo/A1322/A132205/rank,,都営三田線
タンメン トナリ 西葛西店,東京都,江戸川区,江戸川区・西葛西駅,タンメン,ご当地・地域系,3.54,,野菜たっぷりタンメン,https://tabelog.com/ramen/tokyo/A1313/A131305/rank,,東京メトロ東西線
巓（いただき）,東京都,江戸川区,江戸川区・西葛西駅,家系,家系,3.54,,豚骨魚介の濃厚,https://tabelog.com/ramen/tokyo/A1313/A131305/rank,,東京メトロ東西線
やじ満,東京都,江東区,江東区・市場前駅・新豊洲駅,中華・ラーメン,その他・創作,3.54,,豊洲市場の市場メシ、冬季「牡蠣ラーメン」／市場前・朝〜昼,https://tabelog.com/tokyo/A1313/A131307/13227694,,ゆりかもめ
豚一頭清湯麺,東京都,渋谷区,渋谷区・代々木駅,豚清湯・昆布水つけ麺,つけ麺/醤油・中華そば,3.54,,「水と豚だけ」の清湯,https://tabelog.com/tokyo/A1304/A130403/13280965,,JR山手・中央総武緩行 / 都営大江戸線
まだ洞くつ家,東京都,練馬区,練馬区・武蔵関駅,家系,家系,3.54,,濃厚だがしつこくない豚骨醤油、深夜営業／駅1分,https://tabelog.com/tokyo/A1321/A132105/rstLst/ramen,,西武新宿線
コッテリの塩らー麺専門店 MANNISH 日暮里,東京都,荒川区,荒川区・日暮里駅,塩,塩,3.54,,背脂たっぷりの「コッテリ塩」,https://tabelog.com/tokyo/A1311/A131105/13274701,,JR山手・京浜東北・常磐
タナカタロウ,東京都,荒川区,荒川区・町屋駅前・荒川二丁目停留場,支那ソバ・ワンタン麺,ワンタン麺/醤油・中華そば,3.54,,渋谷「麺屋ぬかじ」出身の正統派／町屋駅前近く・月休,https://tabelog.com/tokyo/A1324/A132401/13233129,Mon,都電荒川線
オリオン食堂,東京都,豊島区,豊島区・東長崎駅,つけ麺・ラーメン（町中華系）,つけ麺,3.54,,豚骨＋鶏ガラのコク醤油、万能型／駅230m,https://tabelog.com/tokyo/A1321/A132101/R8255/rstLst/ramen,,西武池袋線
麺や 谷口,東京都(多摩),西東京・小平・東久留米・東村山・清瀬,西東京・小平・東久留米・東村山・清瀬・ひばりヶ丘駅 / 保谷駅,淡麗ラーメン・つけ麺,つけ麺,3.54,,澄んだスープに旨味の層、ひばりヶ丘87m,https://tabelog.com/tokyo/A1328/A132801/13266241,,西武池袋線
焼きあご煮干しらぁめん 碧猫,東京都(多摩),調布・府中・狛江,調布・府中・狛江・分倍河原駅,濃厚焼きあご煮干し,煮干し,3.54,,分倍河原駅改札すぐ,https://tabelog.com/tokyo/A1326/A132602/13248230,,京王線・JR南武線 / JR南武・武蔵野線
中華そば光,神奈川県,川崎市北部,川崎市北部・武蔵中原駅 / 武蔵新城駅,和風中華そば,醤油・中華そば,3.54,,竹末東京Premium出身（武蔵中原/武蔵新城）,https://tabelog.com/ramen/kanagawa/A1405/A140504/rank,,JR南武線
川崎家 榎町店,神奈川県,川崎市南部,川崎市南部・港町駅 / 川崎大師駅 / 小島新田駅,家系,家系,3.54,,川崎の家系の草分け、朝7時〜（港町・京急川崎圏）,https://tabelog.com/kanagawa/A1405/A140502/14013754,,京急大師線
ラーメンショップ 大師店,神奈川県,川崎市南部,川崎市南部・港町駅 / 川崎大師駅 / 小島新田駅,ラーメン・つけ麺,つけ麺,3.54,,ネギラーメンが看板、川崎大師5分,https://tabelog.com/kanagawa/A1405/A140502/R2859/rstLst/ramen,,京急大師線
塩らー麺 本丸亭 横浜元町店,神奈川県,横浜中心部,横浜中心部,塩ラーメン,塩,3.54,,澄んだ塩清湯、元町中華街圏のトップ,https://tabelog.com/ramen/kanagawa/A1401/A140105/rank,,
ラーメン246亭,神奈川県,横浜北部,横浜北部・青葉台駅,ラーメン,その他・創作,3.54,,季節限定も人気の実力店,https://tabelog.com/ramen/kanagawa/A1401/A140202/rank,,東急田園都市線
赤ひげラーメン,神奈川県,横浜南西部,横浜南西部・新杉田駅,濃厚系,その他・創作,3.54,,新杉田の老舗人気,https://tabelog.com/ramen/kanagawa/A1401/A140308/rank,,JR根岸線 / シーサイドライン
ヌードルワークス 藤沢店,神奈川県,湘南・県西,湘南・県西・藤沢駅,大分豚骨,豚骨・博多,3.54,,濃厚クリーミーな「泡らぁめん」,https://tabelog.com/ramen/kanagawa/A1404/A140404/rank,,JR東海道 / 小田急江ノ島線 / 江ノ電
ラーメン まるとも,神奈川県,湘南・県西,湘南・県西・湘南台駅,ラーメン（野菜たっぷり）,その他・創作,3.54,,八百屋プロデュース、山盛り野菜、東口5〜7分,https://tabelog.com/kanagawa/A1404/A140405/14003733,,小田急江ノ島線 / 相鉄いずみ野線 / 横浜市営地下鉄
自家製麺 牡蠣工房 Uguisu,神奈川県,湘南・県西,湘南・県西・辻堂駅,ラーメン（牡蠣）,貝・魚介系,3.54,,「牡蠣しじみラーメン」、西口5分,https://tabelog.com/ramen/kanagawa/A1404/A140404/rank,,JR東海道
嘉祥（カショウ）,千葉県,船橋・習志野,船橋・習志野・西船橋駅,味噌,味噌,3.53,,3種味噌＋野菜・10種スパイスの独特な味噌,https://tabelog.com/ramen/chiba/A1202/A120201/rank,,JR総武・武蔵野・京葉線 / 東葉高速 / 東京メトロ
らーめん・はやし,埼玉県,埼玉,埼玉・上尾駅 / 北上尾駅,煮干し清湯中華そば,煮干し/醤油・中華そば,3.53,,元仏伊シェフ、国産8素材の澄んだスープ、上尾東口3分・現金のみ,https://tabelog.com/saitama/A1104/A110401/11054151,,JR高崎線
大勝軒 東川口,埼玉県,川口・蕨・戸田,川口・蕨・戸田・東川口駅,ラーメン・つけ麺,つけ麺,3.53,,東池袋系の王道もりそば、駅3分,https://tabelog.com/saitama/A1102/A110201/R8182/rstLst/ramen,,JR武蔵野線 / 埼玉高速鉄道
中華そば 千乃鶏 志木店,埼玉県,西武沿線エリア,西武沿線エリア・志木駅,鶏白湯,鶏白湯,3.53,,濃厚鶏白湯が看板、駅3分,https://tabelog.com/saitama/A1103/A110302/R4568/rstLst/ramen,,東武東上線
麺処 むら井,埼玉県,越谷・草加・春日部,越谷・草加・春日部・武里駅,ラーメン,その他・創作,3.53,,昆布水と多彩な味変（春日部）,https://tabelog.com/ramen/saitama/A1102/A110204/rank,,東武 / 東武
ウミのチカラ,東京都,千代田区,千代田区・末広町駅,鯛（濃厚）,貝・魚介系,3.53,,鯛出汁の一杯（末広町最寄り）,https://tabelog.com/ramen/tokyo/A1310/A131001/rank,,銀座線 / 都営新宿線
麺家 ぶらいとん,東京都,品川区,品川区・旗の台駅,ラーメン,その他・創作,3.53,,毎朝打つ自家製麺×豚骨醤油、行列／旗の台1分,https://tabelog.com/ramen/tokyo/A1317/A131712/rank,,東急大井町線・池上線 / 東急大井町線
麺浪漫,東京都,文京区,文京区・千石駅,背脂豚骨醤油,豚骨・博多/醤油・中華そば,3.53,,「背脂そば」、千石で最寄りの実力店／駅5分,https://tabelog.com/tokyo/C13105/C36306/rstLst/ramen,,都営三田線
鶏豚骨 一學,東京都,新宿区,新宿区・信濃町駅,鶏豚骨（濃厚）,豚骨・博多,3.53,,鶏と豚の濃厚スープ、深夜4時まで,https://cookpit.jp/en/station-ramen/station-ramen-86588,,JR中央・総武線
麺 ひしおのキセキ,東京都,目黒区,目黒区・自由が丘駅,醤油専門,醤油・中華そば,3.53,,小豆島醤油、濃醇（黒）／淡麗（白）,https://tabelog.com/ramen/tokyo/A1317/A131703/rank,,東急東横線 / 大井町線
清麺 常藤,東京都,練馬区,練馬区・大泉学園駅,つけ麺・ラーメン,つけ麺,3.53,,エリアの実力店／駅2分,https://tabelog.com/tokyo/A1321/A132103/R1635/rstLst/ramen,,西武池袋線
藤,東京都,荒川区,荒川区・三河島駅,中華そば・つけ麺,つけ麺/醤油・中華そば,3.53,,昼夜で小麦を使い分け、朝7時から,https://tabelog.com/tokyo/A1324/A132401/13296118,,JR常磐線
ふうりゅう 梅島本店,東京都,足立区,足立区・梅島駅・五反野駅,担々麺・ラーメン,担々麺・四川・麻婆,3.53,,梅島の地元定番／駅57m,https://tabelog.com/tokyo/A1324/A132404/R1363/rstLst/ramen,,東武スカイツリーライン
かみの屋,東京都,足立区,足立区・梅島駅・五反野駅,長岡中華そば,醤油・中華そば/ご当地・地域系,3.53,,新潟・長岡出身店主の生姜香る一杯／五反野530m・水木休,https://tabelog.com/tokyo/A1324/A132404/R4021/rstLst/ramen,Wed;Thu,東武スカイツリーライン
田無 大勝軒,東京都(多摩),西東京・小平・東久留米・東村山・清瀬,西東京・小平・東久留米・東村山・清瀬・田無駅,永福町系（中華そば・ワンタン麺）,ワンタン麺/醤油・中華そば,3.53,,煮干し香るラードの効いた大盛り醤油、駅160m,https://tabelog.com/tokyo/A1328/A132801/13016167,,西武新宿線
なぎちゃんラーメン 元住吉店,神奈川県,川崎市北部,川崎市北部・元住吉駅,ラーメン,その他・創作,3.53,,リーズナブルな地元向け,https://tabelog.com/ramen/kanagawa/A1405/A140504/rank,,東急東横・目黒線
タンメン亭,神奈川県,川崎市北部,川崎市北部・新百合ヶ丘駅,タンメン,ご当地・地域系,3.53,,ちょい辛味噌ベースのタンメン専門、駅4分・区内1位,https://tabelog.com/ramen/kanagawa/A1405/A140508/rank,,小田急小田原・多摩線
こってりらーめん なりたけ 幕張店,千葉県,千葉市,千葉市・海浜幕張駅,背脂醤油,醤油・中華そば,3.52,,背脂チャッチャ系の代表格、深夜営業,https://tabelog.com/ramen/chiba/A1201/A120102/rank,,JR京葉線 / JR総武線
麺ぽーかろぅ,千葉県,松戸・柏,松戸・柏・北柏駅 / 南柏駅,ラーメン,その他・創作,3.52,,南柏駅1分の駅前トップ評価,https://tabelog.com/chiba/A1203/A120301/R9593/rstLst/MC0101,,JR常磐線各停
ケンラボ,千葉県,流山・我孫子・野田・鎌ヶ谷,流山・我孫子・野田・鎌ヶ谷・流山おおたかの森駅,濃厚味噌・煮干しつけ麺,煮干し/つけ麺/味噌,3.52,,「至高の一杯」と評され限定も人気、南流山北口5分,https://tabelog.com/chiba/A1203/A120305/R10962,,つくばEX / 東武アーバンパークライン / つくばEX / JR武蔵野線
idouji（イドウジ）我孫子店,千葉県,流山・我孫子・野田・鎌ヶ谷,流山・我孫子・野田・鎌ヶ谷・我孫子駅,創作系ラーメン,その他・創作,3.52,,完成度高く高評価、我孫子駅近,https://tabelog.com/chiba/A1203/A120304/R366/rstLst/ramen,,JR常磐・成田線 / JR常磐線
麺処 あみや,千葉県,船橋・習志野,船橋・習志野・東船橋駅 / 南船橋駅,あご出汁・魚介醤油,貝・魚介系/醤油・中華そば,3.52,,飛び魚出汁の上品な一杯、東船橋10分・木休（旧 喜左ェ門）,https://tabelog.com/chiba/A1202/A120201/12007708,Thu,JR
麺処 ごまや 本店,埼玉県,さいたま市,さいたま市・東浦和駅,担々麺専門,担々麺・四川・麻婆,3.52,,ごま香る担々麺、平日昼のみ、東浦和（国道463沿い）,https://tabelog.com/saitama/A1101/A110102/11036472,,JR武蔵野線 / 埼玉高速鉄道
まるあ中華そば,埼玉県,川口・蕨・戸田,川口・蕨・戸田・戸田公園駅 / 戸田駅 / 北戸田駅,中華そば,醤油・中華そば,3.52,,駅近で評価上位、戸田3分,https://tabelog.com/saitama/A1102/A110202/R6746/rstLst/ramen,,JR埼京線
麺屋 鶏口（けいこう）,埼玉県,川越・東武東上線,川越・東武東上線・上福岡駅,鶏白湯/鶏塩,鶏白湯/塩,3.52,,クリーミー鶏白湯と鶏塩そば、駅5分,https://tabelog.com/saitama/A1103/A110302/11036718,,東武東上線
煮干しそば 虎愼（こしん）,東京都,中野区,中野区・中野新橋駅,煮干しそば・鶏白湯,煮干し/鶏白湯,3.52,,煮干し＋鶏白湯／徒歩約10分,https://tabelog.com/tokyo/A1319/A131903/13148908,,東京メトロ丸ノ内線・方南町支線
麺彩房 中野本店,東京都,中野区,中野区・沼袋駅,つけ麺・ラーメン,つけ麺,3.52,,製麺「大成食品」直営、濃厚つけ麺／駅8分,https://tabelog.com/tokyo/A1321/A132104/13006931,,西武新宿線
貝出汁らぁ麺 海美風 浅草店,東京都,台東区,台東区・浅草駅,貝出汁（塩）,貝・魚介系/塩,3.52,,あさり・帆立＋鶏清湯のWスープ／出口A2分,https://tabelog.com/tokyo/A1311/A131102/13257871,,つくばエクスプレス / 地下鉄 / 東武の浅草とは別位置
らー麺 家道,東京都,品川区,品川区・戸越銀座駅,家系,家系,3.52,,中太麺×濃厚豚骨醤油、ライス無料（戸越銀座）,https://tabelog.com/ramen/tokyo/A1317/A131712/rank,,東急池上線 / 東急大井町線
中華そば 円月,東京都,大田区,大田区・大森駅,ハマグリ貝出汁,貝・魚介系,3.52,,大森駅ビルLala B1F、駅直結級,https://tabelog.com/tokyo/A1315/A131502/R1901/rstLst/ramen,,JR京浜東北 / 京急本線
札幌軒,東京都,文京区,文京区・茗荷谷駅,札幌系,ご当地・地域系,3.52,,駅1分、深夜まで開く地元定番,https://tabelog.com/tokyo/A1323/A132302/R9833/rstLst/ramen,,丸ノ内線
永楽,東京都,江戸川区,江戸川区・京成小岩駅,中華・餃子（ラーメンあり）,その他・創作,3.52,百名店,1936年創業の老舗町中華、自家製麺「永楽メン」／北口6分,https://tabelog.com/tokyo/A1312/A131204/13052293,,京成本線
麺也 時しらず 学芸大学店,東京都,目黒区,目黒区・学芸大学駅,つけ麺,つけ麺,3.52,,つけ麺の実力店,https://tabelog.com/ramen/tokyo/A1317/A131702/rank,,東急東横線
東池袋 大勝軒 いぶき,東京都,練馬区,練馬区・光が丘駅,つけ麺・中華そば,つけ麺/醤油・中華そば,3.52,,もっちり麺＋酸味のつけ汁／駅4分,https://tabelog.com/tokyo/A1321/A132102/R8364/rstLst/ramen,,都営大江戸線
とんこつラーメン めんくい,東京都,練馬区,練馬区・光が丘駅,背脂醤油豚骨,豚骨・博多/醤油・中華そば,3.52,,地元人気の背脂系、コスパ良,https://tabelog.com/tokyo/A1321/A132102/R8364/rstLst/ramen,,都営大江戸線
麺屋鳳,東京都,足立区,足立区・西新井駅,ラーメン・つけ麺,つけ麺,3.52,,豚骨の出汁感が強い醤油／駅263m・水日休,https://tabelog.com/tokyo/A1324/A132404/R7318/rstLst/ramen,Wed;Sun,東武スカイツリーライン
中国宮廷麺 なにや,東京都(多摩),西東京・小平・東久留米・東村山・清瀬,西東京・小平・東久留米・東村山・清瀬・花小金井駅,翡翠麺（個性派）,その他・創作,3.52,,中国宮廷由来の自家製翡翠麺の老舗、一橋学園5分・月休,https://tabelog.com/tokyo/A1328/A132804/13016113,Mon,西武新宿線 / 西武多摩湖線 / 西武新宿・拝島線
手打ち中華そば 酒田 鹿島田店,神奈川県,川崎市南部,川崎市南部・鹿島田駅,中華そば（手打ち）,醤油・中華そば,3.52,,手打ち麺のあっさり実力派,https://tabelog.com/ramen/kanagawa/A1405/A140503/rank,,JR南武線 / JR横須賀線
麺や ふくわらい,神奈川県,川崎市南部,川崎市南部・矢向駅,鶏鰹/豚骨鰹（選べる出汁）,豚骨・博多/貝・魚介系,3.52,,全粒粉自家製麺、駅3分・当駅周辺最高,https://tabelog.com/kanagawa/A1401/A140210/R10136/rstLst/ramen,,JR南武線
鶏ふじ,神奈川県,横浜中心部,横浜中心部,超濃厚鶏白湯,鶏白湯,3.52,,自家製麺の鶏白湯専門、〆の雑炊も,https://tabelog.com/kanagawa/A1401/A140104/14070470,,
ONOMICHI,神奈川県,横浜南西部,横浜南西部・保土ケ谷駅,家系,家系,3.52,,六角家姉妹の第一号店（保土ケ谷・星川）,https://tabelog.com/ramen/kanagawa/A1401/A140301/rank,,JR横須賀・湘南新宿
ココロ,神奈川県,湘南・県西,湘南・県西・大船駅,つけ麺,つけ麺,3.52,,大船つけ麺の人気店,https://tabelog.com/ramen/kanagawa/A1404/A140401/rank,,JR東海道・横須賀・根岸 / 湘南モノレール
麺屋 空（くう）,千葉県,流山・我孫子・野田・鎌ヶ谷,流山・我孫子・野田・鎌ヶ谷・流山おおたかの森駅,鰹出汁の魚介系,貝・魚介系,3.51,,特大炙りチャーシューつけ麺が名物、南流山西口10分・深夜営業,https://tabelog.com/chiba/A1203/A120305/12003843,,つくばEX / 東武アーバンパークライン / つくばEX / JR武蔵野線
麺屋 勝天（しょうてん）,千葉県,流山・我孫子・野田・鎌ヶ谷,流山・我孫子・野田・鎌ヶ谷・我孫子駅,つけ麺（昼）,つけ麺,3.51,,"安定の実力店、約3,000件のレビュー",https://tabelog.com/chiba/A1203/A120304/R366/rstLst/ramen,,JR常磐・成田線 / JR常磐線
麺座 でん,埼玉県,越谷・草加・春日部,越谷・草加・春日部・新越谷駅,つけ麺・ラーメン,つけ麺,3.51,,鶏と魚介の濃厚Wスープ・中細ちぢれ麺、駅268m,https://tabelog.com/saitama/A1102/A110203/R9613/rstLst/ramen,,東武 / JR武蔵野線
元祖札幌や,東京都,中央区,中央区・日本橋駅,味噌,味噌,3.51,,札幌味噌の老舗,https://tabelog.com/tokyo/A1302/A130202/13065864,,銀座・東西線 / 都営浅草線
ラーショマルミャー 王子店,東京都,北区,北区・梶原停留場,ラーメンショップ系,その他・創作,3.51,,「ソラノイロ」運営、ネギラーメン／栄町143m・月休,https://tabelog.com/tokyo/A1323/A132303/13295162,Mon,都電荒川線 / 都電荒川線
麺庵大和,東京都,新宿区,新宿区・若松河田駅,中華そば・煮干し,煮干し/醤油・中華そば,3.51,,名店「麺庵ちとせ」の系譜、コスパ良,https://daily-shinjuku.tokyo/2023/04/09/menan-yamato,,都営大江戸線
美原スープ工房,東京都,新宿区,新宿区・下落合駅,きのこ・トリュフ系,その他・創作,3.51,,旧「epilogue 08」が2025/12改名・再開、フレンチ出身店主／駅5分,https://tabelog.com/tokyo/A1321/A132101/13317230,,西武新宿線
究極Y'sラーメン,東京都,板橋区,板橋区・東武練馬駅,とんこつ系・つけ麺,つけ麺/豚骨・博多,3.51,,20年以上の地元定番、深夜営業／下赤塚5分・無休,https://tabelog.com/tokyo/A1322/A132204/13019792,,板橋区側 / 東武東上線
とんくる,東京都,渋谷区,渋谷区・笹塚駅,濃厚豚骨,豚骨・博多,3.51,,濃厚豚骨の人気店,https://tabelog.com/tokyo/A1318/A131808/13151488,,京王線・京王新線
桃天花（とうてんか）,東京都,荒川区,荒川区・三河島駅,担々麺・中国料理,担々麺・四川・麻婆,3.51,,軽やかな本格中華,https://tabelog.com/ramen/tokyo/A1324/A132401/rank,,JR常磐線
一力,東京都,葛飾区,葛飾区・京成立石駅,ラーメン,その他・創作,3.51,,地元で支持される一杯,https://tabelog.com/tokyo/A1324/A132403/R3677/rstLst/ramen,,京成押上線
下町中華 樹（いつき）,東京都,葛飾区,葛飾区・堀切菖蒲園駅,中華・ラーメン,その他・創作,3.51,,安い・旨い・ボリューミーな町中華,https://tabelog.com/tokyo/A1324/A132403/R9077/rstLst/ramen,,京成本線
ラーメン 西ちゃん,東京都,豊島区,豊島区・東長崎駅,ラーメン,その他・創作,3.51,,動物系＋魚介の濃厚ベース／駅214m・火休,https://tabelog.com/tokyo/A1321/A132101/R8255/rstLst/ramen,Tue,西武池袋線
すごい煮干ラーメン 凪 多摩センター店,東京都(多摩),八王子・日野・多摩,八王子・日野・多摩・多摩センター駅,煮干し,煮干し,3.51,,クセ控えめの煮干しに太麺、駅直結圏,https://tabelog.com/ramen/tokyo/A1327/A132702/rank,,小田急多摩線 / 京王相模原線・多摩モノレール
麺処 かず屋,東京都(多摩),調布・府中・狛江,調布・府中・狛江・つつじヶ丘駅 / 仙川駅,中華そば,醤油・中華そば,3.51,,仙川・つつじヶ丘圏の実力店,https://tabelog.com/ramen/tokyo/A1326/A132601/rank,,京王線
RAMEN FACTORY TORISETSU,神奈川県,川崎市北部,川崎市北部・新百合ヶ丘駅,鶏白湯,鶏白湯,3.51,,エルミロード内、駅3分,https://tabelog.com/ramen/kanagawa/A1405/A140508/rank,,小田急小田原・多摩線
中華そば 麦家（ばくや）,千葉県,千葉郊外,千葉郊外・成田駅・京成成田駅,豚骨魚介Wスープ,豚骨・博多/貝・魚介系,3.5,,動物系＋和出汁の濃厚つけ麺、公津の杜（駅14分）,https://tabelog.com/chiba/A1204/A120401/12002449,,JR成田線 / 京成本線 / 京成本線
13湯麺 集（とうめん しゅう）,千葉県,流山・我孫子・野田・鎌ヶ谷,流山・我孫子・野田・鎌ヶ谷・鎌ヶ谷駅,ラーメン,その他・創作,3.5,,鎌ヶ谷の人気ラーメン、駅至近,https://tabelog.com/ramen/chiba/A1203/A120303/rank,,東武アーバンパークライン / 北総・東武・京成
らぁ麺 はやし田 岩槻店,埼玉県,さいたま市,さいたま市・岩槻駅,醤油・塩らぁ麺・つけ麺,つけ麺/塩/醤油・中華そば,3.5,,人気チェーン、醤油らぁ麺・牡蠣香る塩,https://tabelog.com/saitama/A1101/A110103/11060052,,東武アーバンパークライン
トキワ,埼玉県,さいたま市北部,さいたま市北部・大和田駅 / 七里駅 / 東大宮駅,ラーメン・食堂,その他・創作,3.5,,「ニラそば【辛】」と手作り餃子、七里3分,https://tabelog.com/saitama/A1101/A110103/11060881,,東武アーバンパークライン・JR宇都宮線
家系ラーメン ゆくる家,埼玉県,西武沿線エリア,西武沿線エリア・狭山市駅 / 新狭山駅,家系,家系,3.5,,新狭山＆狭山入間エリア上位の家系、新狭山10分・水木休,https://tabelog.com/saitama/A1106/A110602/R5158/rstLst/ramen,Wed;Thu,西武新宿線
支那そば はるばるてい,東京都,世田谷区,世田谷区・経堂駅,ワンタン麺,ワンタン麺,3.5,,透明茶系スープ＋大ぶりワンタン／北口3分,https://tabelog.com/ramen/tokyo/A1318/A131813/rank,,小田急
松尾製麦,東京都,世田谷区,世田谷区・祖師ヶ谷大蔵駅,つけ麺・ラーメン,つけ麺,3.5,,自家製麺のつけ麺（祖師ヶ谷大蔵）,https://tabelog.com/ramen/tokyo/A1318/A131814/rank,,小田急 / 小田急
らぁ麺 ゆかり,東京都,中央区,中央区・京橋駅,塩,塩,3.5,,塩ラーメンが評判（京橋）,https://tabelog.com/tokyo/A1302/A130202/13295774,,銀座線 / 都営浅草線
麺や 久,東京都,中央区,中央区・茅場町駅,ラーメン,その他・創作,3.5,,リーズナブルな実力店,https://tabelog.com/tokyo/A1302/A130203/13228403,,東西・日比谷線
背脂煮干中華そば 和市 大崎店,東京都,品川区,品川区・大崎駅,背脂煮干し,煮干し,3.5,,海苔たっぷりの堤式,https://tabelog.com/tokyo/A1316/A131604/13298400,,JR山手・湘南新宿・埼京 / りんかい線
Ramen&Bistro Crab Club,東京都,文京区,文京区・根津駅,創作（蟹）,その他・創作,3.5,,蟹を使った創作系,https://tabelog.com/ramen/tokyo/A1311/A131106/rank,,千代田線
麺屋 ほたる,東京都,板橋区,板橋区・板橋駅,魚介豚骨,豚骨・博多/貝・魚介系,3.5,,濃厚魚介豚骨、カウンターのみ,https://tabelog.com/ramen/tokyo/A1322/A132201/rank,,JR埼京線
麺屋 琥珀,東京都,渋谷区,渋谷区・初台駅,煮干し醤油・油そば,煮干し/油そば・まぜそば・汁なし/醤油・中華そば,3.5,,バランス型の実力店,https://tabelog.com/tokyo/A1318/A131807/13248484,,京王新線
新福菜館 麻布十番店,東京都,港区,港区・麻布十番駅,醤油（京都系）,醤油・中華そば/ご当地・地域系,3.5,,真っ黒醤油スープの中華そば,https://tabelog.com/ramen/tokyo/A1307/A130702/rank,,南北・都営大江戸線
らーめん 味噌ガッツ,東京都,葛飾区,葛飾区・お花茶屋駅,味噌,味噌,3.5,,肉感あるチャーシュー＋味噌ニンニク出汁,https://tabelog.com/tokyo/A1324/A132403/13183715,,京成本線
ラーメンショップ さつまっ子 スペシャル21,神奈川県,横浜北部,横浜北部・中山駅,豚骨醤油,豚骨・博多/醤油・中華そば,3.5,,焦がしネギが特徴、駅218m,https://tabelog.com/kanagawa/C14113/C38371/rstLst/ramen,,JR横浜線 / グリーンライン
銀座 篝 鎌倉店,神奈川県,湘南・県西,湘南・県西・鎌倉駅,鶏白湯,鶏白湯,3.5,ビブグルマン,小町通りの鶏白湯Soba、宇治抹茶鶏白湯も、駅3分,https://tabelog.com/kanagawa/A1404/A140402/14074370,,JR横須賀線 / 江ノ電
濃厚煮干そば 丸にたちばな,神奈川県,県央・相模原,県央・相模原・橋本駅,煮干し,煮干し,3.5,,濃厚煮干し＋モチモチ自家製中太麺、駅196m,https://tabelog.com/kanagawa/A1407/A140701/R7881/rstLst/ramen,,JR横浜線・相模線 / 京王相模原線
奨（すすむ）,神奈川県,県央・相模原,県央・相模原・中央林間駅,豚骨鶏ガラ,豚骨・博多,3.5,,濃厚だが飲みやすい、駅1分,https://tabelog.com/kanagawa/C14213/C39592/rstLst/ramen,,小田急江ノ島線 / 東急田園都市線
魚介醤油らーめん 和屋（かずや）,千葉県,千葉郊外,千葉郊外・佐倉駅,無添加魚介醤油,貝・魚介系/醤油・中華そば,3.49,,レアチャーシュー＋めかぶ、ユーカリが丘圏・昼のみ・火/第1第3月休,https://tabelog.com/chiba/A1204/A120402/12024126,Mon,JR成田線 / 京成本線・山万線
麺屋 音 人形町店,東京都,中央区,中央区・浜町駅,煮干し,煮干し,3.49,,透明感ある煮干しそば,https://tabelog.com/tokyo/A1302/A130204/13286352,,都営新宿線
塩生姜らー麺専門店 MANNISH 蔵前店,東京都,台東区,台東区・蔵前駅,塩生姜,塩,3.49,,生姜の効いた塩らー麺専門,https://tabelog.com/ramen/tokyo/A1311/A131103/rank,,都営浅草線・大江戸線
中華料理 あさひ,東京都,台東区,台東区・浅草駅,町中華,その他・創作,3.49,,4代続く町中華、名物「生姜そば」／駅7分・月休,https://tabelog.com/tokyo/A1311/A131102/13057892,Mon,つくばエクスプレス / 地下鉄 / 東武の浅草とは別位置
麺処 しのぶ,東京都,文京区,文京区・千駄木駅,鶏・魚介（淡麗）,貝・魚介系,3.49,,旨みの層が厚い淡麗系,https://tabelog.com/ramen/tokyo/A1311/A131106/rank,,千代田線
栃尾 護国寺,東京都,文京区,文京区・護国寺駅,中華そば・町中華,醤油・中華そば,3.49,,「肉入りチャーハン」も人気／駅2分,https://tabelog.com/tokyo/A1323/A132302/R3966/rstLst/ramen,,有楽町線
麺屋 宮本,東京都,江東区,江東区・清澄白河駅,濃厚豚骨魚介つけ麺,つけ麺/豚骨・博多/貝・魚介系,3.49,,清澄白河駅1分の筆頭,https://tabelog.com/tokyo/A1313/A131303/13199222,,都営大江戸線 / 半蔵門線 / 都営大江戸・新宿線 / 半蔵門線
亀戸餃子 大島店,東京都,江東区,江東区・大島駅・西大島駅・東大島駅,餃子＋ラーメン,その他・創作,3.49,,大島駅4分,https://tabelog.com/tokyo/A1312/A131202/13176259,,都営新宿線
麺や 一途 導 豊洲店,東京都,江東区,江東区・越中島駅・潮見駅・新木場駅,ラーメン,その他・創作,3.49,,豊洲駅圏,https://tabelog.com/tokyo/A1313/A131307/13247211,,JR京葉線 / 有楽町線
自由が丘 蔭山 有明ガーデン店,東京都,江東区,江東区・有明駅・国際展示場駅,鶏白湯（塩）,鶏白湯/塩,3.49,,TRY鶏白湯部門上位系列、フードコートながら完成度高／有明4-5分,https://tabelog.com/tokyo/A1313/A131306/13247838,,ゆりかもめ / りんかい線
九州じゃんがら 原宿店,東京都,渋谷区,渋谷区・原宿駅 / 明治神宮前駅,豚骨,豚骨・博多,3.49,,秋葉原本店の支店、原宿の定番,https://tabelog.com/ramen/tokyo/A1306/A130601/rank,,JR山手 / 千代田・副都心線
博多ラーメン 琉,東京都,目黒区,目黒区・祐天寺駅,博多とんこつ,豚骨・博多,3.49,,博多とんこつの人気店,https://tabelog.com/ramen/tokyo/A1317/A131701/rank,,東急東横線
中華そば たかばん,東京都,目黒区,目黒区・学芸大学駅,鶏醤油（全粒粉麺）,醤油・中華そば,3.49,,石臼挽き全粒粉麺／東口2分,https://tabelog.com/tokyo/A1317/A131702/13236243,,東急東横線
光が丘 井の庄,東京都,練馬区,練馬区・光が丘駅,ラーメン・つけ麺,つけ麺,3.49,,「辛辛魚」の井の庄／IMA内1分,https://tabelog.com/tokyo/A1321/A132102/R8364/rstLst/ramen,,都営大江戸線
らぁ麺 和來,東京都,練馬区,練馬区・石神井公園駅,ラーメン・油そば,油そば・まぜそば・汁なし,3.49,,丁寧な淡麗スープ／駅2分,https://tabelog.com/tokyo/A1321/A132103/R1631/rstLst/ramen,,西武池袋線
ラーメンショップ 成瀬が丘店,東京都(多摩),町田,町田・成瀬駅,ラーショ系,その他・創作,3.49,,濃厚豚骨醤油＋ネギラーメン、成瀬4〜5分・水休,https://tabelog.com/tokyo/A1327/A132701/R7243/rstLst/ramen,Wed,JR横浜線 / 東急田園都市線
横浜ラーメン 新横家,神奈川県,横浜北部,横浜北部・新横浜駅,家系,家系,3.49,,王道の横浜家系（ラー博外）,https://tabelog.com/ramen/kanagawa/A1401/A140206/rank,,JR横浜線・新幹線 / ブルーライン / 相鉄・東急直通
ラーメン壱六家 大船店,神奈川県,湘南・県西,湘南・県西・大船駅,横浜家系,家系,3.49,,大船を代表する家系の一角,https://tabelog.com/ramen/kanagawa/A1404/A140401/rank,,JR東海道・横須賀・根岸 / 湘南モノレール
横浜家系ラーメン 増田家 海浜幕張店,千葉県,千葉市,千葉市・海浜幕張駅,家系,家系,3.48,,こってり豚骨醤油、当エリア上位,https://tabelog.com/ramen/chiba/A1201/A120102/rank,,JR京葉線 / JR総武線
桑原亭 東川口店,埼玉県,川口・蕨・戸田,川口・蕨・戸田・東川口駅,豚骨魚介・選べる濃さ,豚骨・博多/貝・魚介系,3.48,,超こってり〜超あっさり調整可、駅1分,https://tabelog.com/saitama/A1102/A110201/R8182/rstLst/ramen,,JR武蔵野線 / 埼玉高速鉄道
アンダーグラウンドラーメン 頑者 グランエミオ所沢店,埼玉県,西武沿線エリア,西武沿線エリア・所沢駅,つけ麺,つけ麺,3.48,,川越「頑者」系、濃厚魚介豚骨、駅直結1分,https://tabelog.com/ramen/saitama/A1106/A110601/rank,,西武池袋・新宿線
でびっと 中延本店,東京都,品川区,品川区・中延駅,醤油豚骨,豚骨・博多/醤油・中華そば,3.48,,低加水パツ麺＋背脂／A3徒歩1分,https://tabelog.com/tokyo/A1317/A131712/13003414,,都営浅草線 / 東急大井町線
麺処 鳴声（なるせ）,東京都,大田区,大田区・糀谷駅,担々麺・中華そば,担々麺・四川・麻婆/醤油・中華そば,3.48,,西馬込1分（52m）,https://tabelog.com/ramen/tokyo/A1317/A131716/rank,,京急空港線 / 都営浅草線
九十九里らぁめん くくり,東京都,江東区,江東区・市場前駅・新豊洲駅,クラム塩,塩,3.48,,九十九里産の貝の旨み／市場前3分,https://tabelog.com/tokyo/A1313/A131307/13293726,,ゆりかもめ
ラーメン武藤製麺所,東京都,足立区,足立区・竹ノ塚駅,ラーメン・つけ麺,つけ麺,3.48,,自家製麺、名物「極上わんたん鶏塩麺」／駅135m,https://tabelog.com/tokyo/A1324/A132404/R5919/rstLst/ramen,,東武スカイツリーライン
甘味かどや,東京都,足立区,足立区・大師前駅,ラーメン（甘味処）,その他・創作,3.48,,参道沿いの甘味処が出すラーメンが評判／駅172m,https://tabelog.com/tokyo/A1324/A132404/R5670/rstLst/ramen,,東武大師線・西新井大師
地鶏と金目鯛 中華そば 鶯（うぐいす）,東京都(多摩),八王子・日野・多摩,八王子・日野・多摩・聖蹟桜ヶ丘駅,中華そば,醤油・中華そば,3.48,,上州地鶏と金目鯛の淡麗中華そば、駅3分・無休,https://tabelog.com/tokyo/A1327/A132702/13276418,,京王線
一風堂 キュービックプラザ新横浜店,神奈川県,横浜北部,横浜北部・新横浜駅,豚骨,豚骨・博多,3.48,,駅ビル直結の博多豚骨,https://tabelog.com/ramen/kanagawa/A1401/A140206/rank,,JR横浜線・新幹線 / ブルーライン / 相鉄・東急直通
小田原タンメン総本店,神奈川県,湘南・県西,湘南・県西・小田原駅,タンメン,ご当地・地域系,3.48,,小田原のご当地タンメン,https://tabelog.com/ramen/kanagawa/A1409/A140901/rank,,JR東海道・新幹線 / 小田急 / 伊豆箱根大雄山線
つけ麺 津気屋 武蔵浦和,埼玉県,さいたま市,さいたま市・武蔵浦和駅,つけ麺,つけ麺,3.47,,濃厚魚介豚骨＋自家製麺、駅2分・行列,https://tabelog.com/saitama/A1101/A110102/11023463,,JR埼京・武蔵野線
喜多方ラーメン 坂内 岩槻店,埼玉県,さいたま市,さいたま市・岩槻駅,喜多方ラーメン,ご当地・地域系,3.47,,あっさり醤油の定番チェーン,https://tabelog.com/saitama/C11110/rstLst/ramen,,東武アーバンパークライン
KUMAGAYA RAMEN STAND,埼玉県,埼玉,埼玉・籠原駅,昆布水つけ麺・淡麗,つけ麺,3.47,,「正嗜松冨亭」出身者が2023年開業、南口13分,https://tabelog.com/saitama/A1105/A110501/11060590,,JR高崎線
REGISTA 日本橋支店,東京都,中央区,中央区・馬喰横山駅,ラーメン,その他・創作,3.47,,評価の高い実力店,https://tabelog.com/tokyo/A1302/A130204/13288926,,都営新宿線 / JR総武快速 / 都営浅草線
百亀楼,東京都,北区,北区・上中里駅,ラーメン・つけ麺,つけ麺,3.47,,上中里駅42m,https://tabelog.com/tokyo/A1323/A132303/R1985/rstLst/ramen,,JR京浜東北 / JR宇都宮・高崎
ぶるんちょ,東京都,品川区,品川区・不動前駅・西小山駅,ラーメン・つけ麺,つけ麺,3.47,,濃厚だが重すぎない／不動前（大崎広小路寄り）,https://tabelog.com/ramen/tokyo/A1317/A131710/rank,,東急目黒線 / 京急本線
中華蕎麦 きみのあーる,東京都,文京区,文京区・江戸川橋駅,清湯（無化調）,醤油・中華そば,3.47,,大仙地鶏＋昆布魚介の透明清湯,https://tabelog.com/tokyo/A1309/A130905/13260155,,有楽町線
麺堂にしき 西武新宿店,東京都,新宿区,新宿区・西武新宿駅,鴨だしラーメン,鴨,3.47,,「特製鴨だし醤油」、2025年4月職安通りへ移転／駅2分,https://tabelog.com/tokyo/A1304/A130401/13309089,,西武新宿線
中華そば いたばし製麺,東京都,板橋区,板橋区・新板橋駅,中華そば,醤油・中華そば,3.47,,2025年5月開業の新店,https://tabelog.com/ramen/tokyo/A1322/A132201/rank,,都営三田線
中華麺 有昌 Astage,東京都,渋谷区,渋谷区・代官山駅,中華そば（町中華系）,醤油・中華そば,3.47,,名物「しいたけそば」、椎茸の旨味＋醤油ダレ／駅5分・月日休,https://tabelog.com/tokyo/A1303/A130303/13289061,Mon;Sun,東急東横線
麺屋なごみ,東京都,葛飾区,葛飾区・青砥駅,鶏白湯,鶏白湯,3.47,,濃厚かつあっさりの鶏白湯麺／西口1分,https://tabelog.com/tokyo/A1324/A132403/13111400,,京成本線・押上線
中華処タカノ,東京都,豊島区,豊島区・椎名町駅,町中華（醤油）,醤油・中華そば,3.47,,“看板のない”超ローコスト町中華、ラーメン約350円／駅5分,https://tabelog.com/tokyo/A1321/A132101/13021686,,西武池袋線
大山家 昭島店,東京都(多摩),立川・国立・国分寺・昭島,立川・国立・国分寺・昭島・昭島駅,横浜家系,家系,3.47,,南口2分、ガツンと豚骨感、「とき卵ラーメン」,https://tabelog.com/ramen/tokyo/A1329/A132902/rank,,JR青梅線 / JR青梅線
町田家 新百合ヶ丘店,神奈川県,川崎市北部,川崎市北部・新百合ヶ丘駅,横浜家系,家系,3.47,,豚骨醤油＋鶏油、駅5分,https://tabelog.com/ramen/kanagawa/A1405/A140508/rank,,小田急小田原・多摩線
地鶏と蟹 中華そば 榊,神奈川県,県央・相模原,県央・相模原・橋本駅,中華そば,醤油・中華そば,3.47,,地鶏と蟹の出汁の淡麗系、駅172m,https://tabelog.com/kanagawa/A1407/A140701/R7881/rstLst/ramen,,JR横浜線・相模線 / 京王相模原線
NEW OLD STYLE 肉そば けいすけ,神奈川県,県央・相模原,県央・相模原・海老名駅,肉そば,その他・創作,3.47,,「けいすけ」系の肉そば、駅306m,https://tabelog.com/kanagawa/A1408/A140801/rstLst/ramen,,小田急・JR相模線 / 相鉄
清勝丸 海老名店,神奈川県,県央・相模原,県央・相模原・海老名駅,濃厚豚骨魚介つけ麺,つけ麺/豚骨・博多/貝・魚介系,3.47,,地域人気チェーンの実力店、駅357m,https://tabelog.com/kanagawa/A1408/A140801/rstLst/ramen,,小田急・JR相模線 / 相鉄
ラーメン壱六家 大和店,神奈川県,県央・相模原,県央・相模原・高座渋谷駅,家系,家系,3.47,,駅周辺最高評点の家系、駅441m,https://tabelog.com/kanagawa/A1407/A140702/R3801/rstLst/ramen,,小田急江ノ島線
たかし屋 浦安店,千葉県,市川・浦安,市川・浦安・浦安駅,ラーメン・つけ麺,つけ麺,3.46,,全部乗せが人気、浦安南口1分,https://tabelog.com/chiba/A1202/A120203/12007740,,東京メトロ東西線 / JR京葉線
龍門瀑,埼玉県,埼玉,埼玉・熊谷駅,四川系・汁なし/担々,担々麺・四川・麻婆/油そば・まぜそば・汁なし,3.46,,黒カラシビ麺、もちもち平打ち自家製麺、駅5分,https://tabelog.com/saitama/A1105/A110501/11035482,,JR高崎・宇都宮 / 秩父鉄道
まるふじ食堂,埼玉県,西武沿線エリア,西武沿線エリア・小手指駅,ラーメン（昭和の食堂）,その他・創作,3.46,,地元定番の街中華食堂、駅3分・日祝休,https://tabelog.com/saitama/A1106/A110601/R4032/rstLst/ramen,Sun,西武池袋線
香氣 四川麺条 沼袋店,東京都,中野区,中野区・沼袋駅,担々麺・四川,担々麺・四川・麻婆,3.46,,学芸大学本店系、クリーミー担々麺／南口1分,https://tabelog.com/tokyo/A1321/A132104/13040771,,西武新宿線
九州じゃんがららあめん 秋葉原本店,東京都,千代田区,千代田区・末広町駅,豚骨（九州）,豚骨・博多/ご当地・地域系,3.46,,関東に九州ラーメンを広めた老舗（末広町3分）,https://tabelog.com/tokyo/A1310/A131001/13000344,,銀座線 / 都営新宿線
麺屋 つむぎ,東京都,大田区,大田区・糀谷駅,淡麗・無化調 中華そば,醤油・中華そば,3.46,,西馬込徒歩圏（池上寄り）,https://tabelog.com/ramen/tokyo/A1317/A131716/rank,,京急空港線 / 都営浅草線
和風拉麺 喜粋（きすい）,東京都,文京区,文京区・根津駅,和風（鶏×煮干し）,煮干し,3.46,,鶏挽肉ワンタンが名物、不忍通り沿い,https://tabelog.com/tokyo/A1311/A131106/13148074,,千代田線
高井戸麻婆 TABLE,東京都,杉並区,杉並区・高井戸駅,担々麺・四川,担々麺・四川・麻婆,3.46,,本格四川の担々麺,https://tabelog.com/tokyo/A1318/A131806/R5716/rstLst/ramen,,京王井の頭線
麺屋宗 肉そば総本店,東京都,板橋区,板橋区・ときわ台駅,肉そば,その他・創作,3.46,,「肉そば」専門の人気店／駅近,https://tabelog.com/tokyo/A1322/A132203/13114593,,東武東上線
龍山,東京都,江東区,江東区・大島駅・西大島駅・東大島駅,中華・担々麺,担々麺・四川・麻婆,3.46,,東大島駅6分,https://tabelog.com/ramen/tokyo/A1312/A131202/rank,,都営新宿線
中華蕎麦 つけ麺 一（はじめ）,東京都,渋谷区,渋谷区・原宿駅 / 明治神宮前駅,つけ麺（辛つけ麺）,つけ麺,3.46,,原宿で貴重な本格つけ麺、明治神宮前寄り,https://tabelog.com/ramen/tokyo/A1306/A130601/rank,,JR山手 / 千代田・副都心線
麻布ラーメン 麻布十番店,東京都,港区,港区・麻布十番駅,豚骨,豚骨・博多,3.46,,屋台風・背脂とんこつの定番,https://tabelog.com/ramen/tokyo/A1307/A130702/rank,,南北・都営大江戸線
ラーメン専門店 和 久米川店,東京都(多摩),西東京・小平・東久留米・東村山・清瀬,西東京・小平・東久留米・東村山・清瀬・東村山駅 / 久米川駅,ラーメン・つけ麺・油そば,つけ麺/油そば・まぜそば・汁なし,3.46,,有料トッピングで迫力、久米川駅前の定番、駅133m,https://tabelog.com/tokyo/A1328/A132806/13040213,,西武新宿線
ラーメン 豚んち,神奈川県,湘南・県西,湘南・県西・平塚駅,ラーメン,その他・創作,3.46,,平塚駅最寄りの上位店,https://tabelog.com/kanagawa/C14203/rstLst/ramen,,JR東海道
一刀家 茅場町店,東京都,中央区,中央区・茅場町駅,ラーメン,その他・創作,3.45,,コスパ良好の地元定番,https://tabelog.com/tokyo/A1302/A130203/13163653,,東西・日比谷線
らーめん曳舟,東京都,墨田区,墨田区・曳舟駅,鶏塩ラーメン,塩,3.45,,鶏の旨味を凝縮した濃厚「鶏塩らーめん」／曳舟69m,https://tabelog.com/tokyo/A1312/A131203/13211440,,東武スカイツリーライン・亀戸線 / 京成押上線
中華そば 豊洲勝本,東京都,江東区,江東区・市場前駅・新豊洲駅,中華そば,醤油・中華そば,3.45,,銀座「勝本」系の端正な醤油清湯／千客万来3F,https://tabelog.com/tokyo/A1313/A131307/13292932,,ゆりかもめ
九州らーめん学金,東京都,渋谷区,渋谷区・北参道駅,豚骨（九州系）,豚骨・博多/ご当地・地域系,3.45,,コクのある定番、駅徒歩圏,https://tabelog.com/tokyo/A1304/A130403/13098088,,東京メトロ副都心線
らーめん 526（こじろう） 渋谷本店,東京都,渋谷区,渋谷区・代官山駅,二郎系＋鮮魚塩,二郎・二郎系/塩,3.45,,元「二郎 武蔵小杉」店主、二郎系と鮮魚塩の二枚看板／駅8分,https://tabelog.com/tokyo/A1303/A130301/13127293,,東急東横線
ラーメン酒場 晴江戸,東京都,目黒区,目黒区・都立大学駅,醤油,醤油・中華そば,3.45,,「一燈」出身が手がける上品な醤油／駅4分,https://tabelog.com/ramen/tokyo/A1317/A131702/rank,,東急東横線
刀削麺 大鵬,東京都,目黒区,目黒区・洗足駅,刀削麺,ご当地・地域系,3.45,,本格刀削麺、コクのあるスープ／洗足2分,https://tabelog.com/ramen/tokyo/A1317/A131711/rank,,東急目黒線 / 東急目黒線
つけ麺 らーめん まる文,東京都,荒川区,荒川区・三ノ輪橋停留場,濃厚つけ麺,つけ麺,3.45,,動物系＋魚介／赤土小学校前3分・熊野前徒歩圏,https://tabelog.com/tokyo/A1324/A132401/13177353,,都電荒川線 / 都電・舎人ライナー
好々亭,神奈川県,横浜北部,横浜北部・中山駅,町中華（サンマーメン）,その他・創作,3.45,,老舗、名物サンマーメン、駅130m,https://tabelog.com/kanagawa/C14113/C38371/rstLst/ramen,,JR横浜線 / グリーンライン
ラーメンショップ いずみ中央店,神奈川県,横浜南西部,横浜南西部・中田駅,豚骨醤油,豚骨・博多/醤油・中華そば,3.45,,あっさりマイルド、朝7時から（いずみ中央）,https://tabelog.com/kanagawa/A1401/A140304/14015739,,ブルーライン / 相鉄いずみ野線
どん きさろく 八柱店,千葉県,松戸・柏,松戸・柏・八柱駅,中華そば（老舗）,醤油・中華そば,3.44,,昭和の雰囲気の地元老舗、八柱140m,https://tabelog.com/chiba/A1203/A120302/R10225/rstLst/MC0101,,新京成線 / JR武蔵野線
盛田軒,埼玉県,さいたま市北部,さいたま市北部・宮原駅,ラーメン,その他・創作,3.44,,元サッカー選手の自家製麺の隠れた名店、東口3分,https://tabelog.com/saitama/A1101/A110103/R9817/rstLst/ramen,,JR高崎線
上尾飯店,埼玉県,埼玉,埼玉・上尾駅 / 北上尾駅,町中華・担々麺,担々麺・四川・麻婆,3.44,,担々麺が名物の家庭的な中華、上尾3分,https://tabelog.com/saitama/A1104/A110401/R184/rstLst/ramen,,JR高崎線
ぐりんぐりん,東京都,中央区,中央区・月島駅,汁なし担々麺,担々麺・四川・麻婆/油そば・まぜそば・汁なし,3.44,,汁なし担々麺の人気店（勝どき）,https://tabelog.com/tokyo/A1313/A131302/13203343,,有楽町線 / 都営大江戸線 / 都営大江戸線
麺屋 百式 西小山本店,東京都,品川区,品川区・不動前駅・西小山駅,ラーメン,その他・創作,3.44,,動物系ベースのバランス型／西小山,https://tabelog.com/ramen/tokyo/A1317/A131710/rank,,東急目黒線 / 京急本線
あたりや食堂 谷中店,東京都,文京区,文京区・根津駅,あんかけ・町中華,その他・創作,3.44,,とろり「雷々麺」が名物,https://tabelog.com/ramen/tokyo/A1311/A131106/rank,,千代田線
中華そば 彩,東京都,新宿区,新宿区・下落合駅,淡麗中華そば・つけ麺,つけ麺/醤油・中華そば,3.44,,鶏×魚介の清湯、「紅塩つけ麺」／駅30秒・日休,https://tabelog.com/tokyo/A1321/A132104/13040231,Sun,西武新宿線
蒙古タンメン中本 上板橋本店,東京都,板橋区,板橋区・上板橋駅,激辛味噌・タンメン,味噌/ご当地・地域系,3.44,,本店限定メニューあり／駅1分,https://tabelog.com/tokyo/A1322/A132203/rstLst/ramen,,東武東上線
111（イチ）,東京都,練馬区,練馬区・豊島園駅,四川料理（担々麺）,担々麺・四川・麻婆,3.44,,無化調の本格四川／豊島園3分,https://tabelog.com/tokyo/A1321/A132102/R6740/rstLst/ramen,,都営大江戸線 / 都営大江戸線
まいこや,東京都,練馬区,練馬区・豊島園駅,食堂系ラーメン,その他・創作,3.44,,地元ランチ定番の大衆食堂／練馬春日町3分,https://tabelog.com/tokyo/A1321/A132102/R7717/rstLst/ramen,,都営大江戸線 / 都営大江戸線
麺将 松風,千葉県,千葉市,千葉市・稲毛駅 / 西千葉駅,醤油,醤油・中華そば,3.43,,鶏×魚介のバランス型、西千葉2分,https://tabelog.com/ramen/chiba/A1201/A120104/rank,,JR総武線
バリバリラーメン,埼玉県,西武沿線エリア,西武沿線エリア・新座駅,豚骨,豚骨・博多,3.43,,濃厚豚骨で長年愛される地元定番,https://tabelog.com/ramen/saitama/A1103/A110301/rank,,JR武蔵野線
つじ田 日本橋八重洲店,東京都,中央区,中央区・日本橋駅,つけ麺,つけ麺,3.43,,濃厚魚介つけ麺,https://tabelog.com/tokyo/A1302/A130202/13158035,,銀座・東西線 / 都営浅草線
らーめん 汁なし 兄貴んち,東京都,中野区,中野区・新江古田駅,二郎系・汁なし,二郎・二郎系/油そば・まぜそば・汁なし,3.43,,駅徒歩5分,https://tabelog.com/tokyo/A1321/A132101/13273656,,都営大江戸線
麺や 美風 戸越銀座店,東京都,品川区,品川区・戸越駅,ラーメン・つけ麺,つけ麺,3.43,,日常使いの一杯,https://tabelog.com/tokyo/A1317/A131712/R6713/rstLst/ramen,,都営浅草線
らー麺 夢あかり,東京都,文京区,文京区・新大塚駅,淡麗,その他・創作,3.43,,鶏と魚介の透明感／駅16m,https://tabelog.com/tokyo/A1323/A132302/R5083/rstLst/ramen,,丸ノ内線
武蔵家 白山店,東京都,文京区,文京区・本駒込駅,家系,家系,3.43,,日常使いの家系（本駒込〜白山）,https://tabelog.com/tokyo/A1323/A132301/R9112/rstLst/MC01,,南北線
麺屋 武士道 本店,東京都,江戸川区,江戸川区・小岩駅,濃厚豚骨,豚骨・博多,3.43,,南口1分、11:00〜翌1:00無休,https://tabelog.com/tokyo/A1312/A131204/13188444,,JR総武線
宗家一条流 がんこラーメン 南千住店,東京都,荒川区,荒川区・南千住駅,一条流がんこ系,その他・創作,3.43,,濃厚動物系＋背脂のパンチ,https://tabelog.com/tokyo/A1324/A132401/13240202,,JR常磐線 / 日比谷線
たんたんめん Kai,東京都(多摩),西東京・小平・東久留米・東村山・清瀬,西東京・小平・東久留米・東村山・清瀬・東久留米駅,塩担々麺,担々麺・四川・麻婆/塩,3.43,,塩ベースのさっぱり担々麺、西口2分・11:30〜22:00,https://tabelog.com/tokyo/A1328/A132802/13245064,,西武池袋線
鎌倉だし工房 絹と小麦,神奈川県,湘南・県西,湘南・県西・鎌倉駅,ラーメン,その他・創作,3.43,,出汁にこだわる鎌倉の人気店,https://tabelog.com/ramen/kanagawa/A1404/A140402/rank,,JR横須賀線 / 江ノ電
新潟長岡らーめん みずさわ 東大宮店,埼玉県,さいたま市北部,さいたま市北部・大和田駅 / 七里駅 / 東大宮駅,新潟生姜醤油,醤油・中華そば,3.42,,新潟系ならここ、東大宮9分,https://tabelog.com/saitama/A1101/A110103/R8160/rstLst/ramen,,東武アーバンパークライン・JR宇都宮線
ど・みそ ららぽーと豊洲店,東京都,江東区,江東区・越中島駅・潮見駅・新木場駅,味噌,味噌,3.42,,人気チェーン本流,https://tabelog.com/tokyo/A1313/A131307/13149559,,JR京葉線 / 有楽町線
中国料理 桂林,東京都,練馬区,練馬区・平和台駅,中華（担々麺）,担々麺・四川・麻婆,3.42,,担々麺が名物の町中華（営業日縮小中・要確認）,https://tabelog.com/tokyo/A1322/A132202/R8960/rstLst/ramen,,有楽町・副都心線
麺処 穂し乃,東京都,練馬区,練馬区・豊島園駅,煮干し＋鶏ガラ,煮干し,3.42,,特製ラーメン（練馬春日町〜光が丘）,https://tabelog.com/tokyo/A1321/A132102/R7717/rstLst/ramen,,都営大江戸線 / 都営大江戸線
自家製熟成麺 吉岡 目白総本店,東京都,豊島区,豊島区・目白駅,竹岡式（濃口醤油＋刻み玉ねぎ）,醤油・中華そば/ご当地・地域系,3.42,,熟成自家製麺、駅徒歩2分・昼のみ,https://tabelog.com/tokyo/A1305/A130502/13178865,,JR山手線
浮浪雲（はぐれぐも）,東京都,豊島区,豊島区・雑司が谷駅,中華そば（鶏ガラ＋煮干し醤油）,煮干し/醤油・中華そば,3.42,,駅から約500m,https://tabelog.com/tokyo/A1305/A130501/13129017,,東京メトロ副都心線
麺屋 春風,東京都(多摩),西東京・小平・東久留米・東村山・清瀬,西東京・小平・東久留米・東村山・清瀬・清瀬駅,鶏・魚介の淡麗,貝・魚介系,3.42,,丁寧に設計された一杯、清瀬の旗艦、駅291m・月休,https://tabelog.com/tokyo/A1328/A132803/R3343/rstLst/ramen,Mon,西武池袋線
半蔵 本店,神奈川県,横浜南西部,横浜南西部・東戸塚駅,ラーメン,その他・創作,3.42,,優しい味わいで地元人気,https://tabelog.com/ramen/kanagawa/A1401/A140305/rank,,JR横須賀・湘南新宿
らーめん ぶたまろ,神奈川県,湘南・県西,湘南・県西・平塚駅,ラーメン,その他・創作,3.42,,東京・蒲田から移転、TRY大賞受賞歴、西口6分,https://tabelog.com/kanagawa/A1404/A140407/14098885,,JR東海道
さくら食堂。,埼玉県,さいたま市北部,さいたま市北部・宮原駅,ラーメン,その他・創作,3.41,,こだわり食材のらーめんと鶏めし、駅2分,https://tabelog.com/saitama/A1101/A110103/R9817/rstLst/ramen,,JR高崎線
中華そば ますや,東京都,北区,北区・上中里駅,町中華,その他・創作,3.41,,1953年創業、ワンタンメンが名物（上中里）,https://tabelog.com/tokyo/A1323/A132303/13098402,,JR京浜東北 / JR宇都宮・高崎
ヤマスズメ,東京都,墨田区,墨田区・曳舟駅,煮干し・つけ中華そば,煮干し/醤油・中華そば,3.41,,旧「すずめ食堂」を継ぎ2025/5リニューアル／曳舟138m,https://tabelog.com/tokyo/A1312/A131203/13309610,,東武スカイツリーライン・亀戸線 / 京成押上線
中華そば みた葉,東京都,新宿区,新宿区・牛込柳町駅,中華そば,醤油・中華そば,3.41,,駅徒歩圏の中華そば,https://tabelog.com/ramen/tokyo/A1305/A130504/rank,,都営大江戸線
麺屋吟治zero,東京都,渋谷区,渋谷区・笹塚駅,煮干し醤油,煮干し/醤油・中華そば,3.41,,バー的空間の煮干し醤油,https://tabelog.com/tokyo/A1318/A131808/13289323,,京王線・京王新線
麺屋武蔵 虎嘯,東京都,港区,港区・六本木駅,つけ麺,つけ麺,3.41,,黒胡椒練り込み麺＋濃厚豚骨魚介,https://tabelog.com/tokyo/A1307/A130701/13131171,,日比谷線 / 都営大江戸線 / 南北線
製麺所 吉岡,東京都,豊島区,豊島区・東長崎駅,ラーメン・つけ麺,つけ麺,3.41,,自家製麺が売り／駅207m・水休,https://tabelog.com/tokyo/A1321/A132101/R8255/rstLst/ramen,Wed,西武池袋線
日の出屋,東京都,足立区,足立区・千住大橋駅,中華そば（老舗食堂）,醤油・中華そば,3.41,,1951年創業、ワンタンメン／京成関屋138m・日休,https://tabelog.com/tokyo/A1324/A132402/13063009,Sun,京成本線 / 京成本線 / 舎人ライナー
らぁ麺はやし田 新浦安店,千葉県,市川・浦安,市川・浦安・浦安駅,醤油,醤油・中華そば,3.4,,鴨・大山鶏の上品な醤油、アトレ新浦安2F・駅直結,https://tabelog.com/chiba/A1202/A120203/12062914,,東京メトロ東西線 / JR京葉線
中華そば よしかわ 熊谷店,埼玉県,埼玉,埼玉・熊谷駅,煮干そば（白醤油）,煮干し/醤油・中華そば,3.4,百名店,TOKYO百名店常連の本店系列、駅構内,https://tabelog.com/saitama/A1105/A110501/11065499,,JR高崎・宇都宮 / 秩父鉄道
麺屋 茅根（ちのね）,埼玉県,川口・蕨・戸田,川口・蕨・戸田・戸田公園駅 / 戸田駅 / 北戸田駅,濃厚魚介豚骨,豚骨・博多/貝・魚介系,3.4,,豚骨のコク＋魚介、戸田公園3分,https://tabelog.com/saitama/A1102/A110202/R6748/rstLst/ramen,,JR埼京線
らーめん まる玉 大島店,東京都,江東区,江東区・大島駅・西大島駅・東大島駅,鶏白湯（あおさ）,鶏白湯,3.4,,大島駅3分,https://tabelog.com/tokyo/A1312/A131202/13176259,,都営新宿線
クサカ亭,東京都,練馬区,練馬区・中村橋駅・富士見台駅,町中華,その他・創作,3.4,,長く愛される町中華の名店（中村橋3分）,https://tabelog.com/tokyo/A1321/A132102/13091237,,西武池袋線
ラーメン 三ノ輪家,東京都,荒川区,荒川区・三ノ輪橋停留場,家系,家系,3.4,,豚骨醤油＋太麺／三ノ輪橋27m,https://tabelog.com/tokyo/A1324/A132401/13241733,,都電荒川線 / 都電・舎人ライナー
麺・DINING 毘沙門天,東京都(多摩),八王子・日野・多摩,八王子・日野・多摩・日野駅 / 豊田駅,鶏そば,その他・創作,3.4,,鶏そばが看板の地元人気店、豊田7分・月日夜休,https://tabelog.com/tokyo/A1329/A132903/13104260,,JR中央線
横浜らーめん 峰の家,神奈川県,横浜南西部,横浜南西部・金沢八景駅 / 能見台駅,家系,家系,3.4,,京急富岡・能見台最寄りの家系,https://tabelog.com/ramen/kanagawa/A1401/A140310/rank,,京急本線
盛楽（せいらく）,千葉県,流山・我孫子・野田・鎌ヶ谷,流山・我孫子・野田・鎌ヶ谷・川間駅 / 愛宕駅・野田市駅,中華・ラーメン,その他・創作,3.39,,安定感のある味でコスパ良し、川間南口2分,https://tabelog.com/chiba/A1203/A120305/12008195,,東武アーバンパークライン
らーめん 玉彦,東京都,板橋区,板橋区・板橋駅,つけ麺・まぜそば,つけ麺/油そば・まぜそば・汁なし,3.39,,玉子まぜそばが看板／駅2分,https://tabelog.com/ramen/tokyo/A1322/A132201/rank,,JR埼京線
香辣居 8号店,東京都,江東区,江東区・大島駅・西大島駅・東大島駅,麻婆麺・ラーメン,担々麺・四川・麻婆,3.39,,西大島駅2分,https://tabelog.com/ramen/tokyo/A1312/A131202/rank,,都営新宿線
鶏白湯専門店 いちばん星,東京都,足立区,足立区・西新井駅,鶏白湯,鶏白湯,3.39,,濃厚鶏白湯の専門店／駅226m・火休,https://tabelog.com/tokyo/A1324/A132404/R7318/rstLst/ramen,Tue,東武スカイツリーライン
中華 八景堂,神奈川県,横浜南西部,横浜南西部・金沢八景駅 / 能見台駅,ラーメン（町中華）,その他・創作,3.39,,リーズナブルな金沢八景の定番,https://tabelog.com/ramen/kanagawa/A1401/A140310/rank,,京急本線
麺処 謹ちゃん,神奈川県,県央・相模原,県央・相模原・本厚木駅,ラーメン・つけ麺,つけ麺,3.39,,駅至近の人気店、駅153m,https://tabelog.com/kanagawa/A1408/A140802/rstLst/ramen,,小田急小田原線
大ラーメン福籠,埼玉県,埼玉,埼玉・籠原駅,背脂醤油・大盛系,醤油・中華そば,3.38,,籠原駅最寄りの定番、背脂醤油＋肉厚チャーシュー,https://tabelog.com/saitama/A1105/A110501/11008882,,JR高崎線
勝楽,東京都,中野区,中野区・中野富士見町駅,味噌ラーメン・納豆つけ麺,つけ麺/味噌,3.38,,地元の味噌の名物店／徒歩2分,https://tabelog.com/tokyo/A1319/A131903/13062422,,東京メトロ丸ノ内線・方南町支線
中華そば 政好,東京都,墨田区,墨田区・とうきょうスカイツリー駅 ／ 東向島駅,中華そば（ネオクラシック）,醤油・中華そば,3.38,,豚骨と鶏の醤油清湯＋背脂、2025年移転再開の話題店／スカイツリー駅657m,https://tabelog.com/tokyo/A1312/A131203/13317092,,東武スカイツリーライン / 亀戸線
NARUTO（ナルト）,東京都,荒川区,荒川区・三ノ輪橋停留場,中華・もやしそば,その他・創作,3.38,,谷中「一寸亭」系／宮ノ前101m,https://tabelog.com/tokyo/A1324/A132401/13299810,,都電荒川線 / 都電・舎人ライナー
麺家いろは 海老名ビナウォーク店,神奈川県,県央・相模原,県央・相模原・海老名駅,富山ブラック系,その他・創作,3.38,,黒醤油ラーメン、駅360m,https://tabelog.com/kanagawa/A1408/A140801/rstLst/ramen,,小田急・JR相模線 / 相鉄
ラーメン豚39（ぶたきゅう）,千葉県,千葉郊外,千葉郊外・四街道駅,二郎インスパイア,二郎・二郎系,3.37,,極太麺＋豚チャーシュー、宮醤油使用、朝ラーも、木更津西口3〜5分,https://tabelog.com/chiba/A1206/A120602/12051406,,JR総武本線 / JR内房・久留里線
麺屋 黒澤／KUROSAWA STORE,千葉県,流山・我孫子・野田・鎌ヶ谷,流山・我孫子・野田・鎌ヶ谷・流山おおたかの森駅,鶏清湯・醤油,醤油・中華そば,3.37,,2024年2月開店、丁寧な一杯、おおたかの森2〜3分,https://tabelog.com/chiba/A1203/A120305/12059261,,つくばEX / 東武アーバンパークライン / つくばEX / JR武蔵野線
中華そば 瀧壺（たきつぼ）,東京都,世田谷区,世田谷区・用賀駅,鴨南醤油ラーメン,鴨/醤油・中華そば,3.37,,甘めコク深い和風醤油＋自家製麺／用賀2分,https://tabelog.com/ramen/tokyo/A1317/A131707/rank,,東急田園都市線 / 東急田園都市線 / 小田急 / 小田急 / 世田谷線
ラーメン 三原色（RAMEN RGB.）,東京都,豊島区,豊島区・北池袋駅・下板橋駅,鶏清湯（塩）,塩/醤油・中華そば,3.37,,神山鶏＋根昆布の黄金透明スープ、看板は塩そば／北池袋6-7分,https://tabelog.com/ramen/tokyo/A1322/A132201/rank,,東武東上線・豊島区側
綾瀬らーめん 粋,東京都,足立区,足立区・綾瀬駅,豚骨醤油,豚骨・博多/醤油・中華そば,3.37,,ガード下、自家炊きスープ、ライス無料／駅すぐ,https://tabelog.com/tokyo/A1324/A132404/13259834,,JR常磐線 / 千代田線
RA-MEN 3SO.,東京都(多摩),町田,町田・成瀬駅,煮干し×味噌,煮干し/味噌,3.37,,味噌のコクに煮干しの旨味、成瀬3分・日休,https://tabelog.com/tokyo/A1327/A132701/R7243/rstLst/ramen,Sun,JR横浜線 / 東急田園都市線
品の一,神奈川県,横浜南西部,横浜南西部・東戸塚駅,博多系/家系寄り,家系/豚骨・博多,3.37,,クセ少なくクリーミー、リーズナブル,https://tabelog.com/ramen/kanagawa/A1401/A140305/rank,,JR横須賀・湘南新宿
RAMEN HIGHKICK,埼玉県,川越・東武東上線,川越・東武東上線・鶴瀬駅 / みずほ台駅,ラーメン,その他・創作,3.36,,鶴瀬駅4分,https://tabelog.com/saitama/A1103/A110302/R6440/rstLst/ramen,,東武東上線
横浜家系ラーメン 町田商店 小岩店,東京都,江戸川区,江戸川区・江戸川駅,家系,家系,3.36,,濃厚豚骨醤油＋ライス無料、年中無休／駅5分,https://tabelog.com/tokyo/A1312/A131204/13255392,,京成本線
Vegan Ramen UZU Tokyo,東京都,江東区,江東区・市場前駅・新豊洲駅,ヴィーガン,その他・創作,3.36,,teamLab Planets併設、動物性不使用／新豊洲1分,https://tabelog.com/tokyo/A1313/A131307/R10998/rstLst/ramen,,ゆりかもめ
らーめんつけ麺 びんびん亭 日野店,東京都(多摩),八王子・日野・多摩,八王子・日野・多摩・日野駅 / 豊田駅,背脂醤油・つけ麺,つけ麺/醤油・中華そば,3.36,,多摩の人気チェーン、背脂パンチ系,https://tabelog.com/ramen/tokyo/A1329/A132903/rank,,JR中央線
横浜ラーメン 花笠家,東京都(多摩),立川・国立・国分寺・昭島,立川・国立・国分寺・昭島・国立駅,横浜家系,家系,3.36,,クリーミーでコクのある豚骨醤油、国立の家系上位,https://tabelog.com/tokyo/A1325/A132503/13234844,,JR中央線
一元ちゃん,東京都(多摩),西東京・小平・東久留米・東村山・清瀬,西東京・小平・東久留米・東村山・清瀬・東村山駅 / 久米川駅,とんこつ・町中華,豚骨・博多,3.36,,チャーハン・定食も、東村山最寄り最高評価、月日休,https://tabelog.com/tokyo/A1328/A132806/13247103,Mon;Sun,西武新宿線
美華飯店,東京都,品川区,品川区・西大井駅,町中華,その他・創作,3.35,,駅徒歩1分の地元定番,https://tabelog.com/tokyo/A1317/A131712/R7343/rstLst/ramen,,JR横須賀・湘南新宿
麺屋 きころく 練馬氷川台,東京都,練馬区,練馬区・氷川台駅,つけ麺・ラーメン・油そば,つけ麺/油そば・まぜそば・汁なし,3.35,,淡麗清湯系の駅前実力店／駅2分,https://tabelog.com/tokyo/A1322/A132202/R8365/rstLst/ramen,,有楽町・副都心線
北京ラーメン,埼玉県,川口・蕨・戸田,川口・蕨・戸田・新井宿駅 / 南鳩ヶ谷駅,中華・旨辛ラーメン,その他・創作,3.34,,辛さ調整可の看板ラーメン、地元定番、南鳩ヶ谷6分,https://tabelog.com/saitama/A1102/A110201/R9668/rstLst/ramen,,埼玉高速鉄道
純鶏soba 煌（こう）,東京都,葛飾区,葛飾区・青砥駅,鶏清湯,醤油・中華そば,3.34,,鶏の旨みを生かした一杯、コスパ良,https://tabelog.com/tokyo/A1324/A132403/R71/rstLst/ramen,,京成本線・押上線
点心（てんしん）,東京都,豊島区,豊島区・北池袋駅・下板橋駅,町中華（中華そば）,醤油・中華そば,3.34,,昭和レトロな駅前町中華、約400円／下板橋1分,https://tabelog.com/tokyo/A1322/A132201/13059270,,東武東上線・豊島区側
らーめん 耕,埼玉県,埼玉,埼玉・本庄駅,醤油/塩らーめん,塩/醤油・中華そば,3.33,,2024年2月、本庄早稲田駅構内に開業、駅1分,https://tabelog.com/saitama/A1105/A110504/11061980,,JR高崎線 / 上越新幹線
しなそば家,東京都,中央区,中央区・月島駅,中華そば,醤油・中華そば,3.33,,地元定番の中華そば（月島）,https://tabelog.com/tokyo/A1313/A131302/13065856,,有楽町線 / 都営大江戸線 / 都営大江戸線
麺家けんゆう 菊川店,東京都,墨田区,墨田区・菊川駅,豚骨醤油・つけ麺,つけ麺/豚骨・博多/醤油・中華そば,3.33,,駅近の利便性,https://tabelog.com/tokyo/A1312/A131201/13122250,,都営新宿線
ラーメン中毒 東向島店,東京都,墨田区,墨田区・とうきょうスカイツリー駅 ／ 東向島駅,二郎系インスパイア,二郎・二郎系,3.33,,教室風内装、非乳化豚骨醤油＋極太麺／東向島4分,https://tabelog.com/tokyo/A1312/A131203/13260990,,東武スカイツリーライン / 亀戸線
徳丸家,東京都,板橋区,板橋区・東武練馬駅,横浜家系,家系,3.33,,武蔵家系譜、ライス無料／東武練馬北口1分・深夜まで,https://tabelog.com/tokyo/A1322/A132203/13260503,,板橋区側 / 東武東上線
宣（せん）,東京都,葛飾区,葛飾区・柴又駅,豚骨魚介（こってり）,豚骨・博多/貝・魚介系,3.33,,ライス付きでコスパ良／新柴又3分,https://tabelog.com/tokyo/A1324/A132403/R5164/rstLst/ramen,,京成金町線 / 京成金町線
都電テーブル 雑司が谷,東京都,豊島区,豊島区・雑司が谷駅,ラーメン,その他・創作,3.33,,駅約330m,https://tabelog.com/tokyo/A1305/A130502/13213508,,東京メトロ副都心線
中華そば 初代 修（しょだい のぶ）,東京都(多摩),立川・国立・国分寺・昭島,立川・国立・国分寺・昭島・国立駅,あっさり中華そば,醤油・中華そば,3.33,,鶏ガラ＋魚介、「スペシャル中華そば」、カウンター10席,https://tabelog.com/tokyo/A1325/A132503/13194134,,JR中央線
淳之助製麺食堂 入間総本店,埼玉県,西武沿線エリア,西武沿線エリア・入間市駅,つけ麺・ラーメン,つけ麺,3.32,,自家製麺のつけ麺、駅1分・口コミ多数,https://tabelog.com/saitama/A1106/A110602/R1044/rstLst/ramen,,西武池袋線
あら井商店,東京都,中野区,中野区・新江古田駅,中華そば,醤油・中華そば,3.32,,2026年4月リニューアル再開／駅徒歩7分,https://tabelog.com/tokyo/A1321/A132101/13252923,,都営大江戸線
らぁ麺 ちり葉,東京都,品川区,品川区・大崎駅,鶏白湯・淡麗,鶏白湯,3.32,,濃厚鶏白湯が看板,https://tabelog.com/tokyo/A1316/A131604/13297915,,JR山手・湘南新宿・埼京 / りんかい線
麺屋 白鬚,東京都,墨田区,墨田区・鐘ヶ淵駅,ラーメン・つけ麺,つけ麺,3.32,,鐘ヶ淵の実力店／駅357m,https://tabelog.com/tokyo/A1312/A131203/R2539/rstLst/ramen,,東武スカイツリーライン
麺 なか井,東京都,新宿区,新宿区・中井駅,濃厚醤油,醤油・中華そば,3.32,,「特製濃厚醤油」、駅前の定番／駅1-2分（落合からも徒歩圏）,https://tabelog.com/tokyo/A1321/A132104/13289312,,西武新宿線 / 都営大江戸線
光そば,東京都,江戸川区,江戸川区・瑞江駅,中華そば系,醤油・中華そば,3.32,,地元定番,https://tabelog.com/ramen/tokyo/A1312/A131205/rank,,都営新宿線
ハッスルラーメンホンマ 篠崎店,東京都,江戸川区,江戸川区・篠崎駅,ラーメン,その他・創作,3.32,,地元定番店,https://tabelog.com/ramen/tokyo/A1312/A131205/rank,,都営新宿線
まんまる,東京都,葛飾区,葛飾区・柴又駅,ラーメン・つけ麺,つけ麺,3.32,,もちもち自家製麺／四ツ木5分,https://tabelog.com/tokyo/A1324/A132403/13022598,,京成金町線 / 京成金町線
越後屋（Echigoya）,埼玉県,さいたま市北部,さいたま市北部・西大宮駅 / 指扇駅,中華・味噌,味噌,3.31,,味噌ラーメンの種類が豊富、西大宮7分・水休,https://tabelog.com/saitama/A1101/A110103/R11253/rstLst/ramen,Wed,JR川越線
らあめん 常護,東京都,新宿区,新宿区・下落合駅,鶏清湯・白湯,醤油・中華そば,3.31,,地鶏×塩/醤油、白湯／北口すぐ,https://tabelog.com/tokyo/A1321/A132104/13258133,,西武新宿線
ラーメン吉田屋 森下本店,東京都,江東区,江東区・清澄白河駅,濃厚豚骨醤油（家系寄り）,家系/豚骨・博多/醤油・中華そば,3.31,,森下圏、徒歩5〜6分,https://tabelog.com/tokyo/A1313/A131303,,都営大江戸線 / 半蔵門線 / 都営大江戸・新宿線 / 半蔵門線
AFURI 原宿,東京都,渋谷区,渋谷区・原宿駅 / 明治神宮前駅,塩（柚子塩）,塩,3.31,,淡麗系の代表格,https://tabelog.com/tokyo/A1306/A130601/13095244,,JR山手 / 千代田・副都心線
えび豚骨ラーメン 真面目 押上店,東京都,墨田区,墨田区・押上〈スカイツリー前〉駅,えび豚骨,豚骨・博多/貝・魚介系,3.3,,スカイツリー目前、ライス食べ放題,https://tabelog.com/tokyo/A1312/A131203/13248231,,半蔵門線 / 都営浅草線
つけ麺らーめん 蓮,東京都,渋谷区,渋谷区・千駄ヶ谷駅,つけ麺・醤油/塩,つけ麺/塩/醤油・中華そば,3.3,,麺1kgまで増量無料、駅徒歩2〜3分,https://ramendb.supleks.jp/s/77288.html,,JR中央・総武線
RAMEN SHELTER,東京都,荒川区,荒川区・三ノ輪橋停留場,鶏白湯（塩レモン等）,鶏白湯/塩,3.3,,現代派の隠れ家／小台4分,https://tabelog.com/tokyo/A1323/A132303/13251783,,都電荒川線 / 都電・舎人ライナー
濱辰家,神奈川県,川崎市北部,川崎市北部・鷺沼駅,横浜家系,家系,3.3,,10時間炊き豚骨、駅1分,https://tabelog.com/kanagawa/A1405/A140507/14049587,,東急田園都市線
蔵出し味噌 麺場 壱歩 入間店,埼玉県,西武沿線エリア,西武沿線エリア・入間市駅,味噌,味噌,3.29,,濃厚味噌に大判チャーシュー、地元定番、駅4分,https://tabelog.com/saitama/A1106/A110602/R1044/rstLst/ramen,,西武池袋線
芙蓉（ふよう）,東京都,江戸川区,江戸川区・江戸川駅,町中華（醤油）,醤油・中華そば,3.29,,昔ながらの醤油＋「チャーラー」が評判／駅9分・火休,https://tabelog.com/tokyo/A1312/A131204/13066091,Tue,京成本線
支那そば 桜花爛漫（おうからんまん）,千葉県,千葉郊外,千葉郊外・四街道駅,竹岡式ラーメン,ご当地・地域系,3.28,,「八雲」を彷彿のわんたんめん、2024年10月開店、木更津400m,https://tabelog.com/chiba/A1206/A120602/12061208,,JR総武本線 / JR内房・久留里線
横濱家系ラーメン 馬場壱家 風の陣,東京都,荒川区,荒川区・西日暮里駅,家系,家系,3.28,,マイルド豚骨醤油、深夜営業,https://tabelog.com/tokyo/A1311/A131105/13184208,,JR山手・京浜東北 / 千代田線
自由が丘 蔭山樓 南町田店,東京都(多摩),町田,町田・成瀬駅,鶏白湯,鶏白湯,3.28,,「特選鶏白湯塩そば」、グランベリーパーク内・駅5分,https://tabelog.com/tokyo/A1327/A132701/13241668,,JR横浜線 / 東急田園都市線
一風堂 桶川店,埼玉県,埼玉,埼玉・桶川駅,博多豚骨,豚骨・博多,3.27,,全国区の博多豚骨専門、西口9分,https://tabelog.com/saitama/C11231/rstLst/ramen,,JR高崎線
拉麺 麺くま,東京都,杉並区,杉並区・久我山駅,ラーメン,その他・創作,3.27,,動物系コク／駅58m,https://tabelog.com/tokyo/A1318/A131806/R3407/rstLst/ramen,,京王井の頭線
AFURI 麻布十番,東京都,港区,港区・麻布十番駅,塩（柚子）,塩,3.27,,柚子塩の安定銘柄,https://tabelog.com/ramen/tokyo/A1307/A130702/rank,,南北・都営大江戸線
中華 龍太郎,神奈川県,県央・相模原,県央・相模原・相武台前駅,中華・ラーメン,その他・創作,3.27,,駅至近のエリア最高評点、駅134m,https://tabelog.com/kanagawa/A1407/A140703/R5624/rstLst/ramen,,小田急小田原線
餃子とラーメンの旨い店 みよし,埼玉県,さいたま市北部,さいたま市北部・日進駅,中華・ラーメン,その他・創作,3.26,,1968年創業、地元定番の町中華,https://tabelog.com/saitama/C11102/C29683/rstLst/ramen,,JR川越線
拉麺 ゆうき,埼玉県,川口・蕨・戸田,川口・蕨・戸田・戸田公園駅 / 戸田駅 / 北戸田駅,中華・ラーメン,その他・創作,3.26,,駅至近で評価上位の町中華系、北戸田3分,https://tabelog.com/saitama/A1102/A110202/R3161/rstLst/ramen,,JR埼京線
麺屋けんゆう 中野新橋店,東京都,中野区,中野区・中野新橋駅,中華そば・濃厚豚骨魚介つけ麺,つけ麺/豚骨・博多/貝・魚介系/醤油・中華そば,3.26,,駅徒歩1分,https://tabelog.com/tokyo/A1319/A131903/13122251,,東京メトロ丸ノ内線・方南町支線
まつおぶし,東京都,板橋区,板橋区・中板橋駅,ラーメン・つけ麺（節系）,つけ麺,3.26,,店主ワンオペ・自家製麺／駅3分・日休,https://tabelog.com/tokyo/A1322/A132203/13212609,Sun,東武東上線
らーめん五葉 上福岡西口駅前店,埼玉県,川越・東武東上線,川越・東武東上線・上福岡駅,豚骨醤油,豚骨・博多/醤油・中華そば,3.25,,西口1分の好立地,https://tabelog.com/saitama/A1103/A110302/11043767,,東武東上線
らぁ麺 えんの助,東京都(多摩),立川・国立・国分寺・昭島,立川・国立・国分寺・昭島・西立川駅,豚骨（背脂・セルフ味変）,豚骨・博多,3.25,,住宅街の隠れ家、味変自在（西立川・東中神）,https://tabelog.com/ramen/tokyo/A1329/A132902/rank,,JR青梅線
飛騰ラーメン,神奈川県,横浜南西部,横浜南西部・三ツ境駅,豚骨,豚骨・博多,3.25,,南口1分、白・黒・赤の豚骨,https://tabelog.com/kanagawa/A1401/A140303/14091541,,相鉄本線
恭や 相武台店,神奈川県,県央・相模原,県央・相模原・相武台前駅,ラーメン,その他・創作,3.25,,地元の定番店、駅128m,https://tabelog.com/kanagawa/A1407/A140703/R5624/rstLst/ramen,,小田急小田原線
UNDERGROUND RAMEN 頑者 ららぽーと新三郷店,埼玉県,越谷・草加・春日部,越谷・草加・春日部・三郷中央駅,ラーメン・つけ麺,つけ麺,3.24,,川越「頑者」系、特製濃厚つけめん、新三郷154m,https://tabelog.com/saitama/C11237/rstLst/ramen,,つくばEX / JR武蔵野線 / つくばEX
麺屋 敬 京成小岩店,東京都,江戸川区,江戸川区・京成小岩駅,二郎系インスパイア,二郎・二郎系,3.23,,東村山本店派生、重すぎないスープ＋中太麺／駅2分,https://tabelog.com/tokyo/A1312/A131204/13277858,,京成本線
横浜家系ラーメン 大岡家 鶴川店,東京都(多摩),町田,町田・鶴川駅,家系,家系,3.23,,濃厚豚骨醤油、駅2分,https://tabelog.com/kanagawa/A1405/A140508/R6435/rstLst/ramen,,小田急小田原線
横浜家系ラーメン 黄金家 新町店,神奈川県,横浜中心部,横浜中心部,家系,家系,3.23,,黄金家3号店、国道15号沿い・駅4分,https://tabelog.com/kanagawa/A1401/A140212/14097347,,
万龍,埼玉県,埼玉,埼玉・本庄駅,手もみラーメン・町中華,その他・創作,3.22,,南口1〜5分、手もみ麺・餃子、深夜まで営業・月休,https://tabelog.com/saitama/A1105/A110504/11008947,Mon,JR高崎線 / 上越新幹線
元祖油堂 国立店,東京都(多摩),立川・国立・国分寺・昭島,立川・国立・国分寺・昭島・国立駅,油そば・まぜそば,油そば・まぜそば・汁なし,3.21,,国立駅近くの油そば専門,https://tabelog.com/ramen/tokyo/A1325/A132503/rank,,JR中央線
麺や天鳳 東中野店,東京都,中野区,中野区・落合駅,ラーメン・つけ麺,つけ麺,3.2,,落合駅徒歩1分,https://tabelog.com/tokyo/A1319/A131901/13108607,,東京メトロ東西線 ※出口は中野区東中野側にもあり
つけ麺 らーめん おおくぼ,東京都,杉並区,杉並区・富士見ヶ丘駅,つけ麺・醤油,つけ麺/醤油・中華そば,3.2,,地域密着／駅1-2分（2店目以降は要調査）,https://tabelog.com/tokyo/A1318/A131806/R8798/rstLst/ramen,,京王井の頭線
鯛そば・茶漬 磯LABO 六町店,東京都,足立区,足立区・青井駅・六町駅,鯛そば,貝・魚介系,3.2,,福岡発が2025年6月東京初出店／六町4分,https://tabelog.com/tokyo/A1324/A132404/13310395,,つくばエクスプレス
きんぐキッチン,埼玉県,埼玉,埼玉・桶川駅,町中華・醤油/担々麺,担々麺・四川・麻婆/醤油・中華そば,3.19,,素朴な醤油ラーメン、座敷・キッズスペース、駅5分,https://tabelog.com/saitama/C11231/rstLst/ramen,,JR高崎線
がんちゃん,東京都,練馬区,練馬区・氷川台駅,町中華,その他・創作,3.19,,昔ながらの中華そば＋チャーハン／駅2分,https://tabelog.com/tokyo/A1322/A132202/R8365/rstLst/ramen,,有楽町・副都心線
三幸軒,東京都,中野区,中野区・新井薬師前駅・鷺ノ宮駅,町中華,その他・創作,3.18,,駅至近の地元定番、あっさり中華そば（新井薬師前4分）,https://tabelog.com/tokyo/A1321/A132104/13158721,,西武新宿線
麺屋 幸虎,東京都,品川区,品川区・西大井駅,ラーメン・つけ麺,つけ麺,3.15,,駅徒歩2分,https://tabelog.com/tokyo/A1317/A131712/R7343/rstLst/ramen,,JR横須賀・湘南新宿
丹頂,東京都,墨田区,墨田区・とうきょうスカイツリー駅 ／ 東向島駅,町中華（ラーメン）,その他・創作,3.14,,味噌ラーメンとドライカレー／小村井5分,https://tabelog.com/tokyo/A1312/A131203/13061967,,東武スカイツリーライン / 亀戸線
Indie ラーメン,埼玉県,埼玉,埼玉・鴻巣駅,油そば・ラーメン,油そば・まぜそば・汁なし,3.13,,甘じょっぱいタレ＋鰹・フライドオニオン、駅3分,https://tabelog.com/saitama/A1104/A110401/R3865/rstLst/ramen,,JR高崎線
らぁめん屋サンジ,埼玉県,西武沿線エリア,西武沿線エリア・狭山市駅 / 新狭山駅,ラーメン・つけ麺・担々麺,つけ麺/担々麺・四川・麻婆,3.13,,駅至近、狭山市128m,https://tabelog.com/saitama/A1106/A110602/R4429/rstLst/ramen,,西武新宿線
らーめん殿,東京都,江戸川区,江戸川区・京成小岩駅,醤油・味噌,味噌/醤油・中華そば,3.1,,下町の定番、正油チャーシュー麺／駅1分,https://tabelog.com/tokyo/A1312/A131204/13135304,,京成本線
ラーメン こばやし,東京都,足立区,足立区・青井駅・六町駅,中華そば・つけそば,つけ麺/醤油・中華そば,3.1,,北千住の名店が2024年青井へ移転復活（食べログ新店ページ未整備）,https://ramental.net/2024/10/12/kobayashi,,つくばエクスプレス
和風らーめん 匠 深谷駅前,埼玉県,埼玉,埼玉・深谷駅,和風（節系）,その他・創作,3.09,,駅前1分、魚介出汁の和風スープ、麺3玉まで,https://tabelog.com/saitama/A1105/A110503/11003126,,JR高崎線
鶏SOBA 新之助,埼玉県,川越・東武東上線,川越・東武東上線・鶴瀬駅 / みずほ台駅,鶏白湯・つけ麺,つけ麺/鶏白湯,3.09,,みずほ台駅1分、鶏白湯が看板,https://tabelog.com/saitama/C11235/C31690/rstLst/ramen,,東武東上線
麺々（めんめん）,東京都,中野区,中野区・新井薬師前駅・鷺ノ宮駅,ラーメン・つけ麺,つけ麺,3.09,,中杉通り沿い、担々麺・つけ麺（鷺ノ宮2分・現金のみ）,https://tabelog.com/tokyo/A1321/A132104/13026286,,西武新宿線
横浜家系 中井家,東京都,新宿区,新宿区・中井駅,家系,家系,3.09,,駅前すぐの普段使い家系／駅45m,https://tabelog.com/tokyo/A1321/A132104/13198934,,西武新宿線 / 都営大江戸線
麺屋ばらお 南砂店,東京都,江東区,江東区・南砂町駅,濃厚中華そば（煮干し）,煮干し/醤油・中華そば,3.09,,駅徒歩6分、10分圏で実質中核,https://tabelog.com/tokyo/A1313/A131303/13229824,,東西線
麺屋雷神,東京都,豊島区,豊島区・椎名町駅,豚骨（家系寄り）,家系/豚骨・博多,3.09,,大盛無料でボリューム／駅2分,https://tabelog.com/tokyo/A1321/A132101/13199052,,西武池袋線
自家製つけめん 狼煙 川越店,埼玉県,川越・東武東上線,川越・東武東上線・川越駅,つけ麺,つけ麺,3.08,百名店,百名店9年連続の名店が2026年3月クレアモール新規開店、川越4分,https://tabelog.com/saitama/A1103/A110303/11066465,,JR川越線・東武東上線 / 西武新宿線 / 東武東上線
神むら,東京都,板橋区,板橋区・高島平駅・新高島平駅・西高島平駅,背脂醤油,醤油・中華そば,3.08,,背脂ギトギト・CP抜群／新高島平125m・無休,https://tabelog.com/tokyo/A1322/A132205/13135954,,都営三田線
横浜家系ラーメン あかね家 深谷店,埼玉県,埼玉,埼玉・深谷駅,横浜家系,家系,3.06,,中太ストレート＋豚骨醤油、海苔増しが名物、駅9分,https://tabelog.com/saitama/A1105/A110503/rstLst/ramen,,JR高崎線
竜の家,東京都,葛飾区,葛飾区・京成高砂駅,豚骨,豚骨・博多,3.05,,濃厚でコク深い豚骨／駅82m,https://tabelog.com/tokyo/A1324/A132403/R3674/rstLst/ramen,,京成本線・金町線・北総線
山勝角ふじ 総本店,千葉県,松戸・柏,松戸・柏・北松戸駅 / 馬橋駅 / 新松戸駅,二郎系,二郎・二郎系,,,極太麺＋山盛り野菜＋厚切りチャーシュー、新松戸名物,https://tabelog.com/chiba/A1203/A120302/R5308/rstLst/ramen,,JR常磐線各停・武蔵野線
正華楼（せいかろう）,千葉県,流山・我孫子・野田・鎌ヶ谷,流山・我孫子・野田・鎌ヶ谷・川間駅 / 愛宕駅・野田市駅,町中華（自家製麺）,その他・創作,,,1951年創業、赤白チャーシューが看板、愛宕8分,https://tabelog.com/chiba/A1203/A120305/12008218,,東武アーバンパークライン
ラーメンショップ大門 福大亭,埼玉県,さいたま市,さいたま市・東浦和駅,ラーショ系,その他・創作,,,醤油豚骨・ネギラーメン、浦和美園,https://tabelog.com/saitama/A1101/A110102/11062676,,JR武蔵野線 / 埼玉高速鉄道
宮本商店 川口新井宿店,埼玉県,川口・蕨・戸田,川口・蕨・戸田・新井宿駅 / 南鳩ヶ谷駅,横浜家系,家系,,,ドンキ内、ライス無料、新井宿1番出口5分,https://tabelog.com/saitama/A1102/A110201/11040560,,埼玉高速鉄道
中華そば 青葉 エキア志木店,埼玉県,川越・東武東上線,川越・東武東上線・志木駅,中華そば・つけ麺,つけ麺/醤油・中華そば,,,志木駅直結、中野「青葉」系の魚介醤油,https://tabelog.com/saitama/A1103/A110302/11044892,,東武東上線
青森煮干し中華そば JIN,東京都,世田谷区,世田谷区・用賀駅,煮干し醤油,煮干し/醤油・中華そば,,,「極煮干しラーメン」／松陰神社前1分,https://retty.me/area/PRE13/ARE20/SUB2003/LND118884/LCAT5/CAT290,,東急田園都市線 / 東急田園都市線 / 小田急 / 小田急 / 世田谷線
勝や（かつや）,東京都,世田谷区,世田谷区・用賀駅,あっさり中華そば・ワンタン麺,ワンタン麺/醤油・中華そば,,,永福町大勝軒系列、麺量たっぷり／梅ヶ丘1分,https://tabelog.com/ramen/tokyo/A1318/A131812/rank,,東急田園都市線 / 東急田園都市線 / 小田急 / 小田急 / 世田谷線
麺や晴心（せいしん）,東京都,中野区,中野区・落合駅,手揉み中華そば（醤油・塩）,塩/醤油・中華そば,,,TRYラーメン大賞2024-25 新店三冠／2b出口1分,https://tabelog.com/tokyo/A1321/A132104/13302009,,東京メトロ東西線 ※出口は中野区東中野側にもあり
東京とんこつ 王子ラーメン,東京都,北区,北区・王子神谷駅,豚骨,豚骨・博多,,,バランス型／駅332m,https://cookpit.jp/station-ramen/station-ramen-109374,,南北線
田中そば店 秋葉原店,東京都,千代田区,千代田区・秋葉原駅,醤油（喜多方系）,醤油・中華そば/ご当地・地域系,,,透き通った中華そば、平打ち中太麺,https://www.takumen.com/magazines/akihabara-must-eat-ramen,,JR山手・京浜東北・総武線 / 日比谷線
つじ田 御茶ノ水店,東京都,千代田区,千代田区・御茶ノ水駅,つけ麺（濃厚魚介豚骨）,つけ麺/豚骨・博多/貝・魚介系,,,魚介豚骨つけ麺ブームの火付け役ブランド,https://haraheri.net/article/380/ochanomizu_ramen,,JR中央・総武線
つじ田 味噌の章 飯田橋店,東京都,千代田区,千代田区・飯田橋駅,味噌,味噌,,,白みそベースの味噌専門,https://www.takumen.com/magazines/iidabashi-must-eat-ramen,,JR中央・総武線 / 東西・有楽町・南北線 / 都営大江戸線
九段 斑鳩 市ヶ谷本店,東京都,千代田区,千代田区・市ヶ谷駅,醤油（豚骨魚介）,豚骨・博多/貝・魚介系/醤油・中華そば,,,鰹で和風に締めた豚骨魚介醤油,https://cookpit.jp/en/station-ramen/station-ramen-88572,,JR中央・総武線 / 有楽町・南北線 / 都営新宿線
NOODLE MEISTER 源九,東京都,千代田区,千代田区・九段下駅,無化調（貝だし塩／丸鶏醤油）,貝・魚介系/塩/醤油・中華そば,,,曜日替りスープの体に優しい一杯／徒歩2分,https://cookpit.jp/station-ramen/station-ramen-91393,,東西・半蔵門線 / 都営新宿線
六厘舎 東京ラーメンストリート店,東京都,千代田区,千代田区・東京駅,つけ麺（濃厚魚介豚骨）,つけ麺/豚骨・博多/貝・魚介系,,百名店,極太麺×濃厚つけ汁、つけ麺の代名詞,https://tabelog.com/tokyo/A1302/A130201/13093047,,JR各線 / 丸ノ内線
松戸富田麺絆,東京都,千代田区,千代田区・東京駅,つけ麺・醤油,つけ麺/醤油・中華そば,,,「中華蕎麦 とみ田」東京直営,https://www.takumen.com/magazines/tokyo-must-eat-ramen,,JR各線 / 丸ノ内線
ひるがお 東京駅店,東京都,千代田区,千代田区・東京駅,塩,塩,,,「せたが屋」系の上品な塩ラーメン,https://www.takumen.com/magazines/tokyo-must-eat-ramen,,JR各線 / 丸ノ内線
銀座 篝 大手町店,東京都,千代田区,千代田区・大手町駅,鶏白湯,鶏白湯,,ビブグルマン;百名店,クリーミーで上品な鶏白湯SOBA／駅直結,https://tabelog.com/tokyo/A1302/A130201/13195336,,丸ノ内・東西・千代田・半蔵門線 / 都営三田線
博多麺房 赤のれん 丸の内店,東京都,千代田区,千代田区・大手町駅,豚骨（博多）,豚骨・博多,,,1946年創業の老舗、平打ち極細麺,https://retty.me/area/PRE13/ARE15/SUB1504/STAN5893/LCAT5/CAT290,,丸ノ内・東西・千代田・半蔵門線 / 都営三田線
由丸（よしまる） 大手町店,東京都,千代田区,千代田区・大手町駅,豚骨（博多）,豚骨・博多,,,臭みのない豚骨×極細麺／駅徒歩1分,https://www.favy.jp/topics/7036,,丸ノ内・東西・千代田・半蔵門線 / 都営三田線
麺屋ひょっとこ 交通会館店,東京都,千代田区,千代田区・有楽町駅,塩・醤油（和風柚子）,塩/醤油・中華そば,,百名店,鰹・昆布の和出汁に柚子、常時行列,https://tabelog.com/tokyo/A1301/A130102/13046637,,JR山手・京浜東北線 / 有楽町線
AFURI 有楽町,東京都,千代田区,千代田区・有楽町駅,塩（柚子）,塩,,,黄金色の淡麗柚子塩,https://cookpit.jp/en/station-ramen/station-ramen-85022,,JR山手・京浜東北線 / 有楽町線
Ramen ドゥエ Edo Japan,東京都,千代田区,千代田区・日比谷駅・内幸町駅 / 千代田区・霞ケ関駅,淡麗・創作,その他・創作,,,牛サーロインのハヤシそばが名物／パークフロントB1,https://cookpit.jp/en/station-ramen/station-ramen-112281,,日比谷・千代田線 / 都営三田線 / 丸ノ内・日比谷・千代田線
田中そば店 日比谷シティ店,東京都,千代田区,千代田区・日比谷駅・内幸町駅,醤油（喜多方系）,醤油・中華そば/ご当地・地域系,,,透明スープの中華そば（日比谷シティ内）,https://tabelog.com/tokyo/A1301/A130103/13315335,,日比谷・千代田線 / 都営三田線
よかろう,東京都,千代田区,千代田区・日比谷駅・内幸町駅,担々麺,担々麺・四川・麻婆,,,胡麻香る老舗担々麺／内幸町至近,https://cookpit.jp/en/station-ramen/station-ramen-112281,,日比谷・千代田線 / 都営三田線
麺屋 周郷（すごう）,東京都,千代田区,千代田区・霞ケ関駅,醤油・つけ麺（鶏）,つけ麺/醤油・中華そば,,,クリアで鶏のコクが効いた一杯,https://retty.me/area/PRE13/ARE18/SUB1803/STAN5896/LCAT5/CAT290,,丸ノ内・日比谷・千代田線
ソラノイロ ARTISAN NOODLES,東京都,千代田区,千代田区・永田町駅,ベジソバ・中華そば,醤油・中華そば,,,ベジソバで知られる人気店／徒歩6分,https://www.favy.jp/topics/32870,,有楽町・半蔵門・南北線
ジョニーとリー,東京都,千代田区,千代田区・永田町駅,鶏そば,その他・創作,,,昼ラーメン／夜焼鳥、4番出口3分,https://www.favy.jp/topics/32870,,有楽町・半蔵門・南北線
らぁ麺 はつ穂,東京都,千代田区,千代田区・半蔵門駅・麹町駅,淡麗（自家製麺）,その他・創作,,,丁寧なスープと自家製麺の上質な一杯,https://retty.me/area/PRE13/ARE18/SUB1802/STAN5992/LCAT5/CAT290,,半蔵門線 / 有楽町線
めん徳 二代目 つじ田（麹町）,東京都,千代田区,千代田区・半蔵門駅・麹町駅,つけ麺（濃厚魚介）,つけ麺/貝・魚介系,,,つじ田の創業店、とろみある魚介つけ汁,https://retty.me/area/PRE13/ARE18/SUB1802/STAN5992/LCAT5/CAT290,,半蔵門線 / 有楽町線
麺屋いまむら 半蔵門店,東京都,千代田区,千代田区・半蔵門駅・麹町駅,ラーメン,その他・創作,,,半蔵門寄りのバランス型人気店,https://retty.me/area/PRE13/ARE18/SUB1802/STAN6008/LCAT5/CAT290,,半蔵門線 / 有楽町線
博多らーめん 由丸 溜池店,東京都,千代田区,千代田区・溜池山王駅,豚骨（博多）,豚骨・博多,,,濃すぎない実用的な博多豚骨／徒歩1分,https://cookpit.jp/en/station-ramen/station-ramen-109320,,銀座・南北線
赤坂 麺処 友,東京都,千代田区,千代田区・溜池山王駅,ラーメン,その他・創作,,,旨味を重ねた完成度の高い一杯,https://cookpit.jp/en/station-ramen/station-ramen-109320,,銀座・南北線
六厘舎 上野店,東京都,台東区,台東区・上野駅,つけ麺（豚骨魚介）,つけ麺/豚骨・博多/貝・魚介系,,,濃厚つけ汁、アトレ上野1F・駅直結,https://tabelog.com/tokyo/A1311/A131101/13241939,,JR各線・新幹線 / 銀座線・日比谷線
ラーメン豚山 上野店,東京都,台東区,台東区・上野駅,二郎系,二郎・二郎系,,,極太麺＋トロトロ豚のガッツリ系,https://tabelog.com/tokyo/A1311/A131101/13233722,,JR各線・新幹線 / 銀座線・日比谷線
焼きあご塩らー麺 たかはし 上野店,東京都,台東区,台東区・御徒町駅,塩,塩,,,焼きあご出汁＋〆の鯛茶漬け、無休,https://tabelog.com/tokyo/A1311/A131101/13202799,,JR山手・京浜東北線
むかん 戸越銀座店,東京都,品川区,品川区・戸越駅,牡蠣塩,貝・魚介系/塩,,,2025年8月開業、朝ラーも,https://tabelog.com/tokyo/A1317/A131712/13312821,,都営浅草線
中華そば つの井,東京都,大田区,大田区・雑色駅,無化調（淡麗）,その他・創作,,,瀬戸内煮干・枕崎本がつお出汁／駅1分,https://www.favy.jp/topics/4,,京急本線
中華そば 梟（ふくろう）,東京都,大田区,大田区・池上駅,白醤油 中華そば,醤油・中華そば,,,食べログTOP5000、蓮沼1分・火休,https://cookpit.jp/en/station-ramen/station-ramen-110854,Tue,東急池上線 / 東急池上線
支那そば インディアン 本店,東京都,大田区,大田区・池上駅,魚介あっさり×焦がしカレー,貝・魚介系,,,蓮沼の有名店／駅3分,https://cookpit.jp/en/station-ramen/station-ramen-110854,,東急池上線 / 東急池上線
ラーメン晃煇（コウキ）,東京都,大田区,大田区・池上駅,バランス型,その他・創作,,,安定感と再現性が高い（池上）,https://cookpit.jp/en/station-ramen/station-ramen-110852,,東急池上線 / 東急池上線
自家製麺 MENSHO TOKYO,東京都,文京区,文京区・後楽園駅,ラーメン・つけ麺,つけ麺,,百名店,庄野智治氏のラム×豚骨専門／後楽園6番1分,https://tabelog.com/tokyo/A1310/A131003/13171239,,丸ノ内・南北線 / 都営三田・大江戸線
麺屋 げんぞう,東京都,文京区,文京区・湯島駅,塩,塩,,,知床・羅臼の塩を使った特製塩ダレ,https://tabelog.com/tokyo/A1311/A131101/R10362/rstLst/MC0101,,千代田線
ラーメン荘 夢を語れ 東京,東京都,文京区,文京区・白山駅,二郎系,二郎・二郎系,,,麺300gの食べごたえ／A1出口1分,https://tabelog.com/matome/15911,,都営三田線
三ん寅（さんとら）,東京都,文京区,文京区・江戸川橋駅,札幌味噌,味噌/ご当地・地域系,,百名店,「すみれ」で17年修業、純すみ系御三家、行列,https://tabelog.com/tokyo/A1309/A130905/13240660,,有楽町線
すごい煮干ラーメン凪 新宿ゴールデン街店本館,東京都,新宿区,新宿区・新宿駅,煮干し,煮干し,,百名店,濃厚煮干し、24時間営業,https://s.tabelog.com/smartphone/matome/15947,,JR各線 / 丸ノ内線 / 都営新宿線・大江戸線
らぁ麺 はやし田 新宿本店,東京都,新宿区,新宿区・新宿三丁目駅,醤油（淡麗）,醤油・中華そば,,百名店,鶏と魚介の上品な特製醤油,https://cookpit.jp/en/station-ramen/station-ramen-108620,,丸ノ内線・副都心線 / 都営新宿線
大塚屋,東京都,新宿区,新宿区・市ヶ谷駅,辛味噌,味噌,,,「麺処くるり」ルーツの濃厚ドロ系辛味噌専門,https://rtrp.jp/articles/21114,,JR中央・総武線 / 有楽町・南北線 / 都営新宿線
手包みわんたん麺 広州市場 西新宿店,東京都,新宿区,新宿区・西新宿駅,わんたん麺,ワンタン麺,,,手包みわんたんが主役,https://hitosara.com/GC1201/tokyo/T002/I05730,,東京メトロ丸ノ内線
ラーメン大戦争 西新宿店,東京都,新宿区,新宿区・西新宿駅,醤油（濃厚）,醤油・中華そば,,,動物系×醤油のキレ,https://retty.me/area/PRE13/ARE1/SUB112/STAN5904/LCAT5/CAT290,,東京メトロ丸ノ内線
肉そば家 笑梟（ふくろう）西新宿,東京都,新宿区,新宿区・西新宿五丁目駅,肉そば,その他・創作,,,肉の旨味が溶けた動物系スープ／徒歩3分,https://www.favy.jp/topics/16945,,都営大江戸線
山田屋,東京都,新宿区,新宿区・西新宿五丁目駅,醤油,醤油・中華そば,,,バランス型醤油／A1出口3分,https://www.favy.jp/topics/16945,,都営大江戸線
麺家さざんか,東京都,新宿区,新宿区・西新宿五丁目駅,家系,家系,,,豚骨醤油／A1出口4分,https://www.favy.jp/topics/16945,,都営大江戸線
AFURI 新宿住友ビル,東京都,新宿区,新宿区・都庁前駅,塩（柚子）,塩,,,柚子塩の淡麗系／A6出口直結,https://cookpit.jp/en/station-ramen/station-ramen-112001,,都営大江戸線
麺 なか井,東京都,新宿区,新宿区・落合駅,醤油（淡麗）,醤油・中華そば,,,鶏×魚介の淡麗醤油、評価高,https://cookpit.jp/en/station-ramen/station-ramen-91426,,東京メトロ東西線
児ノ木,東京都,新宿区,新宿区・落合駅,煮干し,煮干し,,,キレのある煮干しスープ,https://retty.me/area/PRE13/ARE12/SUB1201/STAN5936/LCAT5/CAT290,,東京メトロ東西線
あいはらや,東京都,杉並区,杉並区・新高円寺駅,豚骨醤油・つけ麺,つけ麺/豚骨・博多/醤油・中華そば,,,72時間炊く濃厚豚骨醤油／駅1〜2分,https://tabelog.com/tokyo/A1319/A131904/13006599,,丸ノ内線
鯛塩そば 縁（えにし）,東京都,板橋区,板橋区・新板橋駅,鯛塩そば,貝・魚介系/塩,,,元フレンチシェフの鯛出汁清湯,https://tabelog.com/ramen/tokyo/A1322/A132201/rank,,都営三田線
つけ麺や 辰盛,東京都,板橋区,板橋区・高島平駅・新高島平駅・西高島平駅,つけ麺専門,つけ麺,,,高島平駅2分,https://tabelog.com/tokyo/C13119/C36788/rstLst/ramen,,都営三田線
中華 みんみん,東京都,板橋区,板橋区・高島平駅・新高島平駅・西高島平駅,町中華（マーボーつけめん）,その他・創作,,,板橋市場内、朝5:30〜（西高島平10分）,https://tabelog.com/tokyo/A1322/A132205/R7458/rstLst/lunch/ramen,,都営三田線
ほそ島や,東京都,渋谷区,渋谷区・千駄ヶ谷駅,中華そば,醤油・中華そば,,,蕎麦屋仕込みの自家製細麺、徒歩8分,https://www.favy.jp/topics/32864,,JR中央・総武線
Japanese Soba Noodles 蔦,東京都,渋谷区,渋谷区・代々木上原駅,醤油・塩（完全予約制）,塩/醤油・中華そば,,ミシュラン星,世界初のミシュラン一つ星ラーメン、2023年新体制で営業中,https://tabelog.com/tokyo/A1318/A131811/13241560,,東京メトロ千代田線
MENSHO,東京都,渋谷区,渋谷区・代々木上原駅,創作系,その他・創作,,,庄野智治氏の店、創造性の高い一杯,https://tabelog.com/tokyo/A1318/A131811,,東京メトロ千代田線
極味家,東京都,渋谷区,渋谷区・代々木上原駅,家系,家系,,,濃厚豚骨醤油・太麺の安定店,https://tabelog.com/tokyo/A1318/A131811,,東京メトロ千代田線
麺処 銀笹,東京都,港区,港区・新橋駅,塩（白醤油）,塩/醤油・中華そば,,百名店,上品な白醤油塩＋〆の鯛めし、百名店歴（新橋〜築地市場圏）,https://tabelog.com/tokyo/A1301/A130103/13119563,,JR各線 / 銀座線 / 都営浅草線 / 都営大江戸線
AFURI 高輪ゲートウェイ,東京都,港区,港区・高輪ゲートウェイ駅,塩（柚子塩）,塩,,,NEWoMan高輪、駅徒歩1分,https://tabelog.com/tokyo/A1314/A131403/13313850,,JR / 都営浅草線 / 都営浅草線
町田商店 高輪ゲートウェイ店,東京都,港区,港区・高輪ゲートウェイ駅,家系,家系,,,豚骨醤油（泉岳寺至近）,https://tabelog.com/tokyo/A1314/A131403/13255985,,JR / 都営浅草線 / 都営浅草線
麺ダイニング たかなわ,東京都,港区,港区・高輪ゲートウェイ駅,ラーメン,その他・創作,,,クリアな出汁設計（高輪台）,https://cookpit.jp/en/station-ramen/station-ramen-112380,,JR / 都営浅草線 / 都営浅草線
金蠍 神谷町店,東京都,港区,港区・神谷町駅,担々麺,担々麺・四川・麻婆,,,担々麺の人気店,https://tabelog.com/ramen/tokyo/A1307/A130704/rank,,日比谷線
博多一星 霞ヶ関店,東京都,港区,港区・虎ノ門駅,豚骨,豚骨・博多,,,窯焼きチャーシューの豚骨,https://cookpit.jp/en/station-ramen/station-ramen-109318,,銀座線 / 日比谷線
豚そば 月や 東京,東京都,港区,港区・広尾駅,豚骨（クリア）,豚骨・博多,,,澄んだ「クリア豚骨」／広尾1分,https://cookpit.jp/en/station-ramen/station-ramen-89763,,日比谷線 / 南北・三田線 / 南北・三田線
らーめん 徳（白金高輪）,東京都,港区,港区・広尾駅,塩清湯,塩/醤油・中華そば,,,素材の旨味重視の調和型,https://cookpit.jp/en/station-ramen/station-ramen-109328,,日比谷線 / 南北・三田線 / 南北・三田線
東京油組総本店 広尾組,東京都,港区,港区・広尾駅,油そば,油そば・まぜそば・汁なし,,,油そば専門,https://cookpit.jp/en/station-ramen/station-ramen-89763,,日比谷線 / 南北・三田線 / 南北・三田線
横浜家系ラーメン 武虎家 本店,東京都,目黒区,目黒区・洗足駅,家系,家系,,,豚骨醤油、ライス無料（西小山・目黒区原町、2024移転再開）,https://tabelog.com/tokyo/A1317/A131710/13295986,,東急目黒線 / 東急目黒線
ラーメン千里眼,東京都,目黒区,目黒区・駒場東大前駅,二郎系,二郎・二郎系,,,辛揚げトッピングが名物、行列必至（目黒区駒場）,https://tabelog.com/ramen/tokyo/A1318/A131801/rank,,京王井の頭線
麺酒論 嚆矢（こうし）,東京都,目黒区,目黒区・駒場東大前駅,わんたんめん・しなそば,ワンタン麺,,,「はるばる亭」出身の老舗,https://tabelog.com/tokyo/A1318/A131801/13010424,,京王井の頭線
光月軒,東京都,荒川区,荒川区・南千住駅,町中華,その他・創作,,,飽きのこない中華そば、地元定番,https://tabelog.com/tokyo/A1324/A132401/13062713,,JR常磐線 / 日比谷線
麺 たいせい,東京都,葛飾区,葛飾区・亀有駅,醤油らー麺,醤油・中華そば,,,「柳麺ちゃぶ屋」出身、鶏ガラ＋魚介＋背脂,https://tabelog.com/tokyo/A1324/A132403/13047375,,JR常磐線各駅停車・千代田線直通
東池袋 大勝軒 本店,東京都,豊島区,豊島区・東池袋駅,つけ麺（もりそば）,つけ麺,,,もりそば元祖の系譜、山岸一雄氏の弟子が2008年に駅近で再開,https://tabelog.com/tokyo/A1305/A130501/13045828,,東京メトロ有楽町線
つけ麺道 たけし,東京都,豊島区,豊島区・要町駅・千川駅,つけ麺（モチモチ太麺）,つけ麺,,,千川駅徒歩約1分、要町からも徒歩圏のエリア定番,https://cookpit.jp/station-ramen/station-ramen-108869,,有楽町線・副都心線
麺屋 いちむら,東京都(多摩),八王子・日野・多摩,八王子・日野・多摩・めじろ台駅,醤油・塩・味噌・つけ麺,つけ麺/味噌/塩/醤油・中華そば,,,こく旨で幅広いメニュー、めじろ台4分・月休,https://tabelog.com/tokyo/A1329/A132904/13289460,Mon,京王高尾線 / JR八高線
十八製麺,東京都(多摩),八王子・日野・多摩,八王子・日野・多摩・めじろ台駅,ラーメン・つけ麺,つけ麺,,,ツルモチ自家製麺の塩つけ麺、北八王子8分・水休,https://tabelog.com/tokyo/A1329/A132904/13145824,Wed,京王高尾線 / JR八高線
ラーメン ミート,神奈川県,川崎市南部,川崎市南部・港町駅 / 川崎大師駅 / 小島新田駅,ラーメン,その他・創作,,,地元・ドライバー御用達、小島新田・日祝休,https://tabelog.com/kanagawa/A1405/A140502/14014013,Sun,京急大師線
らぁ麺 はやし田 横浜店,神奈川県,横浜中心部,横浜中心部・横浜駅,清湯醤油,醤油・中華そば,,,丸鶏ベースの芳醇な醤油清湯、西口5分,https://tabelog.com/ramen/kanagawa/A1401/A140101/rank,,JR・東急・京急・相鉄・市営地下鉄・みなとみらい線
武蔵家 菊名店,神奈川県,横浜北部,横浜北部・大倉山駅,家系,家系,,,駅すぐ、ボリューム満点の家系（菊名）,https://tabelog.com/kanagawa/A1401/A140205/R3025/rstLst/ramen,,東急東横線 / JR横浜線・東急東横線
横濱たんめん 一品香 二俣川店,神奈川県,横浜北部,横浜北部・二俣川駅,たんめん（中華）,その他・創作,,,1955年創業・野毛発祥系列、駅直結ジョイナステラス,https://tabelog.com/kanagawa/A1401/A140303/14092564,,相鉄本線・いずみ野線 / 相鉄本線
らーめん家 せんだい 鶴ヶ峰本店,神奈川県,横浜北部,横浜北部・二俣川駅,家系,家系,,,コクとバランスの人気家系、地元代表格,https://tabelog.com/kanagawa/A1401/A140302/14012360,,相鉄本線・いずみ野線 / 相鉄本線
横浜家系ラーメン 鶴ヶ峰家,神奈川県,横浜北部,横浜北部・二俣川駅,家系,家系,,,駅2分、油そば・辛味噌も、長時間営業,https://tabelog.com/kanagawa/C14112/C38342/rstLst/ramen,,相鉄本線・いずみ野線 / 相鉄本線
